topic,grade_level,difficulty,turns,smallest_bytes,largest_bytes,largest_characters,largest_tokens_estimated
logic.ordering,1-2,1,15,18798,18945,18761,4690
logic.ordering,1-2,2,15,18595,18748,18564,4641
logic.ordering,1-2,3,15,18577,18904,18720,4680
logic.ordering,3-4,1,15,18501,18688,18504,4626
logic.ordering,1-2,4,15,18791,19139,18955,4738
logic.ordering,3-4,2,15,18887,19113,18929,4732
logic.ordering,1-2,5,15,18849,19238,19054,4763
logic.ordering,3-4,3,15,18819,19034,18850,4712
logic.ordering,5-6,1,15,20315,20315,20081,5020
logic.ordering,3-4,4,15,19048,19256,19072,4768
logic.ordering,5-6,2,15,20315,20315,20081,5020
logic.ordering,3-4,5,15,19050,19271,19087,4771
logic.ordering,5-6,3,15,20516,20516,20282,5070
logic.ordering,5-6,4,15,20876,20876,20692,5173
logic.ordering,5-6,5,15,20876,20876,20692,5173
logic.knights_liars,3-4,1,15,20024,20098,19952,4988
logic.knights_liars,3-4,2,15,20129,20342,20196,5049
logic.knights_liars,3-4,3,15,20270,20342,20196,5049
logic.knights_liars,5-6,1,15,21202,21202,21056,5264
logic.knights_liars,3-4,4,15,20599,20745,20599,5149
logic.knights_liars,5-6,2,15,21202,21202,21056,5264
logic.knights_liars,3-4,5,15,20311,20727,20581,5145
logic.knights_liars,5-6,3,15,21658,21658,21512,5378
logic.knights_liars,5-6,4,15,21266,21266,21120,5280
logic.knights_liars,5-6,5,15,21266,21266,21120,5280
combinatorics.enumeration,1-2,1,15,20214,20416,19928,4982
combinatorics.enumeration,1-2,2,15,20151,20507,20019,5004
combinatorics.enumeration,1-2,3,15,20193,20422,19934,4983
combinatorics.enumeration,3-4,1,15,20257,20357,19865,4966
combinatorics.enumeration,1-2,4,15,20230,20449,19961,4990
combinatorics.enumeration,3-4,2,15,20349,20616,20123,5030
combinatorics.enumeration,1-2,5,15,20229,20534,20046,5011
combinatorics.enumeration,3-4,3,15,20315,20409,19921,4980
combinatorics.enumeration,5-6,1,15,21397,21397,20881,5220
combinatorics.enumeration,3-4,4,15,20411,20598,20109,5027
combinatorics.enumeration,5-6,2,15,21397,21397,20881,5220
combinatorics.enumeration,3-4,5,15,20495,20705,20217,5054
combinatorics.enumeration,5-6,3,15,22555,22555,21836,5459
combinatorics.enumeration,5-6,4,15,21663,21663,21170,5292
combinatorics.enumeration,5-6,5,15,21663,21663,21170,5292
counting.gaps,1-2,1,15,19840,20074,19828,4957
counting.gaps,1-2,2,15,19840,19957,19711,4927
counting.gaps,1-2,3,15,19896,20022,19776,4944
counting.gaps,3-4,1,15,19822,19987,19739,4934
counting.gaps,1-2,4,15,19993,20071,19824,4956
counting.gaps,3-4,2,15,19810,19941,19692,4923
counting.gaps,1-2,5,15,20039,20165,19918,4979
counting.gaps,3-4,3,15,20124,20284,20037,5009
counting.gaps,5-6,1,15,21106,21106,20858,5214
counting.gaps,3-4,4,15,20001,20084,19835,4958
counting.gaps,5-6,2,15,21106,21106,20858,5214
counting.gaps,3-4,5,15,20179,20279,20028,5007
counting.gaps,5-6,3,15,21243,21243,20989,5247
counting.gaps,5-6,4,15,21989,21989,21734,5433
counting.gaps,5-6,5,15,21989,21989,21734,5433
time.clocks,1-2,1,15,19993,20074,19770,4942
time.clocks,1-2,2,15,20070,20209,19905,4976
time.clocks,1-2,3,15,20072,20249,19944,4986
time.clocks,3-4,1,15,20105,20266,19961,4990
time.clocks,1-2,4,15,20213,20394,20090,5022
time.clocks,3-4,2,15,20158,20431,20127,5031
time.clocks,1-2,5,15,20293,20430,20125,5031
time.clocks,3-4,3,15,20341,20417,20112,5028
time.clocks,5-6,1,15,21638,21638,21334,5333
time.clocks,3-4,4,15,20350,20584,20279,5069
time.clocks,5-6,2,15,21638,21638,21334,5333
time.clocks,3-4,5,15,20411,20580,20274,5068
time.clocks,5-6,3,15,21651,21651,21345,5336
time.clocks,5-6,4,15,22123,22123,21812,5453
time.clocks,5-6,5,15,22123,22123,21812,5453
time.calendar,1-2,1,15,19020,19180,18892,4723
time.calendar,1-2,2,15,19172,19371,19083,4770
time.calendar,1-2,3,15,19266,19461,19173,4793
time.calendar,3-4,1,15,19121,19273,18985,4746
time.calendar,1-2,4,15,19248,19454,19164,4791
time.calendar,3-4,2,15,19227,19324,19036,4759
time.calendar,1-2,5,15,19483,19623,19335,4833
time.calendar,3-4,3,15,19409,19501,19213,4803
time.calendar,5-6,1,15,20605,20605,20316,5079
time.calendar,3-4,4,15,19704,19885,19596,4899
time.calendar,5-6,2,15,20605,20605,20316,5079
time.calendar,3-4,5,15,19635,19880,19591,4897
time.calendar,5-6,3,15,20665,20665,20364,5091
time.calendar,5-6,4,15,20978,20978,20687,5171
time.calendar,5-6,5,15,20978,20978,20687,5171
pigeonhole.basic,1-2,1,15,18412,18597,18451,4612
pigeonhole.basic,1-2,2,15,18391,18586,18440,4610
pigeonhole.basic,1-2,3,15,18436,18596,18450,4612
pigeonhole.basic,3-4,1,15,18379,18763,18617,4654
pigeonhole.basic,1-2,4,15,18383,18518,18372,4593
pigeonhole.basic,3-4,2,15,18389,18493,18347,4586
pigeonhole.basic,1-2,5,15,18717,18917,18771,4692
pigeonhole.basic,3-4,3,15,18593,18706,18560,4640
pigeonhole.basic,5-6,1,15,19674,19674,19525,4881
pigeonhole.basic,3-4,4,15,18519,18737,18591,4647
pigeonhole.basic,5-6,2,15,19674,19674,19525,4881
pigeonhole.basic,3-4,5,15,18734,19152,19006,4751
pigeonhole.basic,5-6,3,15,19935,19935,19789,4947
pigeonhole.basic,5-6,4,15,19689,19689,19542,4885
pigeonhole.basic,5-6,5,15,19689,19689,19542,4885
parity.alternation,1-2,1,15,19947,20152,19906,4976
parity.alternation,1-2,2,15,20173,20296,20050,5012
parity.alternation,1-2,3,15,20236,20315,20069,5017
parity.alternation,3-4,1,15,20206,20503,20253,5063
parity.alternation,1-2,4,15,20146,20705,20459,5114
parity.alternation,3-4,2,15,20423,20628,20382,5095
parity.alternation,1-2,5,15,20713,20877,20631,5157
parity.alternation,3-4,3,15,20352,20595,20349,5087
parity.alternation,5-6,1,15,21336,21336,21089,5272
parity.alternation,3-4,4,15,20836,20946,20695,5173
parity.alternation,5-6,2,15,21336,21336,21089,5272
parity.alternation,3-4,5,15,20796,21348,21102,5275
parity.alternation,5-6,3,15,21665,21665,21419,5354
parity.alternation,5-6,4,15,22810,22810,22502,5625
parity.alternation,5-6,5,15,22810,22810,22502,5625
arithmetic.tricks,1-2,1,15,17666,17845,17699,4424
arithmetic.tricks,1-2,2,15,17762,17895,17749,4437
arithmetic.tricks,1-2,3,15,17612,17950,17804,4451
arithmetic.tricks,3-4,1,15,17617,17772,17612,4403
arithmetic.tricks,1-2,4,15,17837,18054,17908,4477
arithmetic.tricks,3-4,2,15,17830,17936,17779,4444
arithmetic.tricks,1-2,5,15,18010,18235,18089,4522
arithmetic.tricks,3-4,3,15,17905,18026,17875,4468
arithmetic.tricks,5-6,1,15,18787,18787,18617,4654
arithmetic.tricks,3-4,4,15,17847,18054,17897,4474
arithmetic.tricks,5-6,2,15,18787,18787,18617,4654
arithmetic.tricks,3-4,5,15,18128,18207,18029,4507
arithmetic.tricks,5-6,3,15,19058,19058,18895,4723
arithmetic.tricks,5-6,4,15,19117,19117,18947,4736
arithmetic.tricks,5-6,5,15,19117,19117,18947,4736
algorithms.weighing_pouring,3-4,1,15,20832,21384,21084,5271
algorithms.weighing_pouring,3-4,2,15,21259,21787,21487,5371
algorithms.weighing_pouring,3-4,3,15,21476,21783,21483,5370
algorithms.weighing_pouring,5-6,1,15,22358,22358,22058,5514
algorithms.weighing_pouring,3-4,4,15,21657,22001,21701,5425
algorithms.weighing_pouring,5-6,2,15,22358,22358,22058,5514
algorithms.weighing_pouring,3-4,5,15,21478,22289,21988,5497
algorithms.weighing_pouring,5-6,3,15,22538,22538,22238,5559
algorithms.weighing_pouring,5-6,4,15,22703,22703,22397,5599
algorithms.weighing_pouring,5-6,5,15,22703,22703,22397,5599
fractions.parts,5-6,1,15,21537,21537,21265,5316
fractions.parts,5-6,2,15,21537,21537,21265,5316
fractions.parts,5-6,3,15,21481,21481,21278,5319
fractions.parts,5-6,4,15,21871,21871,21669,5417
fractions.parts,5-6,5,15,21871,21871,21669,5417
percent.basic,5-6,1,15,20306,20306,20104,5026
percent.basic,5-6,2,15,20306,20306,20104,5026
percent.basic,5-6,3,15,20251,20251,20046,5011
percent.basic,5-6,4,15,20511,20511,20309,5077
percent.basic,5-6,5,15,20511,20511,20309,5077
ratio.sharing,5-6,1,15,20540,20540,20238,5059
ratio.sharing,5-6,2,15,20540,20540,20238,5059
ratio.sharing,5-6,3,15,20827,20827,20524,5131
ratio.sharing,5-6,4,15,21101,21101,20795,5198
ratio.sharing,5-6,5,15,21101,21101,20795,5198
geometry.grid,5-6,1,15,23240,23240,22365,5591
geometry.grid,5-6,2,15,23240,23240,22365,5591
geometry.grid,5-6,3,15,24036,24036,23073,5768
geometry.grid,5-6,4,15,23555,23555,22796,5699
geometry.grid,5-6,5,15,23555,23555,22796,5699
number.divisibility,5-6,1,15,20619,20619,20403,5100
number.divisibility,5-6,2,15,20619,20619,20403,5100
number.divisibility,5-6,3,15,20469,20469,20284,5071
number.divisibility,5-6,4,15,20355,20355,20183,5045
number.divisibility,5-6,5,15,20355,20355,20183,5045
logic.sets,5-6,1,15,25824,25824,24764,6191
logic.sets,5-6,2,15,25824,25824,24764,6191
logic.sets,5-6,3,15,25308,25308,24476,6119
logic.sets,5-6,4,15,25045,25045,24441,6110
logic.sets,5-6,5,15,25045,25045,24441,6110
games.strategy,5-6,1,15,21343,21343,21197,5299
games.strategy,5-6,2,15,21343,21343,21197,5299
games.strategy,5-6,3,15,21640,21640,21494,5373
games.strategy,5-6,4,15,21677,21677,21531,5382
games.strategy,5-6,5,15,21677,21677,21531,5382
