p,hint_share,attempts,chance
0.0500,0.0000,3,0.0001
0.0500,0.0000,5,0.0004
0.0500,0.0000,10,0.0010
0.0500,0.0000,20,0.0021
0.0500,0.0000,50,0.0057
0.0500,0.1000,3,0.0001
0.0500,0.1000,5,0.0003
0.0500,0.1000,10,0.0007
0.0500,0.1000,20,0.0016
0.0500,0.1000,50,0.0042
0.0500,0.2000,3,0.0001
0.0500,0.2000,5,0.0002
0.0500,0.2000,10,0.0005
0.0500,0.2000,20,0.0011
0.0500,0.2000,50,0.0030
0.1000,0.0000,3,0.0010
0.1000,0.0000,5,0.0028
0.1000,0.0000,10,0.0073
0.1000,0.0000,20,0.0162
0.1000,0.0000,50,0.0425
0.1000,0.1000,3,0.0007
0.1000,0.1000,5,0.0021
0.1000,0.1000,10,0.0055
0.1000,0.1000,20,0.0122
0.1000,0.1000,50,0.0321
0.1000,0.2000,3,0.0005
0.1000,0.2000,5,0.0015
0.1000,0.2000,10,0.0039
0.1000,0.2000,20,0.0088
0.1000,0.2000,50,0.0233
0.1500,0.0000,3,0.0034
0.1500,0.0000,5,0.0091
0.1500,0.0000,10,0.0234
0.1500,0.0000,20,0.0513
0.1500,0.0000,50,0.1303
0.1500,0.1000,3,0.0025
0.1500,0.1000,5,0.0069
0.1500,0.1000,10,0.0177
0.1500,0.1000,20,0.0392
0.1500,0.1000,50,0.1007
0.1500,0.2000,3,0.0017
0.1500,0.2000,5,0.0050
0.1500,0.2000,10,0.0130
0.1500,0.2000,20,0.0288
0.1500,0.2000,50,0.0749
0.2000,0.0000,3,0.0080
0.2000,0.0000,5,0.0208
0.2000,0.0000,10,0.0523
0.2000,0.0000,20,0.1124
0.2000,0.0000,50,0.2707
0.2000,0.1000,3,0.0058
0.2000,0.1000,5,0.0158
0.2000,0.1000,10,0.0403
0.2000,0.1000,20,0.0876
0.2000,0.1000,50,0.2158
0.2000,0.2000,3,0.0041
0.2000,0.2000,5,0.0116
0.2000,0.2000,10,0.0300
0.2000,0.2000,20,0.0657
0.2000,0.2000,50,0.1652
0.2500,0.0000,3,0.0156
0.2500,0.0000,5,0.0391
0.2500,0.0000,10,0.0961
0.2500,0.0000,20,0.2002
0.2500,0.0000,50,0.4458
0.2500,0.1000,3,0.0114
0.2500,0.1000,5,0.0300
0.2500,0.1000,10,0.0752
0.2500,0.1000,20,0.1593
0.2500,0.1000,50,0.3685
0.2500,0.2000,3,0.0080
0.2500,0.2000,5,0.0222
0.2500,0.2000,10,0.0567
0.2500,0.2000,20,0.1221
0.2500,0.2000,50,0.2923
0.3000,0.0000,3,0.0270
0.3000,0.0000,5,0.0648
0.3000,0.0000,10,0.1551
0.3000,0.0000,20,0.3103
0.3000,0.0000,50,0.6248
0.3000,0.1000,3,0.0197
0.3000,0.1000,5,0.0504
0.3000,0.1000,10,0.1234
0.3000,0.1000,20,0.2529
0.3000,0.1000,50,0.5375
0.3000,0.2000,3,0.0138
0.3000,0.2000,5,0.0377
0.3000,0.2000,10,0.0946
0.3000,0.2000,20,0.1985
0.3000,0.2000,50,0.4439
0.3500,0.0000,3,0.0429
0.3500,0.0000,5,0.0986
0.3500,0.0000,10,0.2285
0.3500,0.0000,20,0.4345
0.3500,0.0000,50,0.7774
0.3500,0.1000,3,0.0313
0.3500,0.1000,5,0.0775
0.3500,0.1000,10,0.1849
0.3500,0.1000,20,0.3634
0.3500,0.1000,50,0.6967
0.3500,0.2000,3,0.0220
0.3500,0.2000,5,0.0587
0.3500,0.2000,10,0.1442
0.3500,0.2000,20,0.2926
0.3500,0.2000,50,0.6005
0.4000,0.0000,3,0.0640
0.4000,0.0000,5,0.1408
0.4000,0.0000,10,0.3141
0.4000,0.0000,20,0.5624
0.4000,0.0000,50,0.8863
0.4000,0.1000,3,0.0467
0.4000,0.1000,5,0.1120
0.4000,0.1000,10,0.2587
0.4000,0.1000,20,0.4831
0.4000,0.1000,50,0.8248
0.4000,0.2000,3,0.0328
0.4000,0.2000,5,0.0859
0.4000,0.2000,10,0.2056
0.4000,0.2000,20,0.4000
0.4000,0.2000,50,0.7414
0.4500,0.0000,3,0.0911
0.4500,0.0000,5,0.1914
0.4500,0.0000,10,0.4086
0.4500,0.0000,20,0.6829
0.4500,0.0000,50,0.9511
0.4500,0.1000,3,0.0664
0.4500,0.1000,5,0.1542
0.4500,0.1000,10,0.3429
0.4500,0.1000,20,0.6031
0.4500,0.1000,50,0.9125
0.4500,0.2000,3,0.0467
0.4500,0.2000,5,0.1198
0.4500,0.2000,10,0.2779
0.4500,0.2000,20,0.5139
0.4500,0.2000,50,0.8517
0.5000,0.0000,3,0.1250
0.5000,0.0000,5,0.2500
0.5000,0.0000,10,0.5078
0.5000,0.0000,20,0.7870
0.5000,0.0000,50,0.9827
0.5000,0.1000,3,0.0911
0.5000,0.1000,5,0.2041
0.5000,0.1000,10,0.4346
0.5000,0.1000,20,0.7142
0.5000,0.1000,50,0.9631
0.5000,0.2000,3,0.0640
0.5000,0.2000,5,0.1606
0.5000,0.2000,10,0.3594
0.5000,0.2000,20,0.6267
0.5000,0.2000,50,0.9262
0.5500,0.0000,3,0.1664
0.5500,0.0000,5,0.3161
0.5500,0.0000,10,0.6070
0.5500,0.0000,20,0.8691
0.5500,0.0000,50,0.9952
0.5500,0.1000,3,0.1213
0.5500,0.1000,5,0.2617
0.5500,0.1000,10,0.5302
0.5500,0.1000,20,0.8092
0.5500,0.1000,50,0.9872
0.5500,0.2000,3,0.0852
0.5500,0.2000,5,0.2088
0.5500,0.2000,10,0.4478
0.5500,0.2000,20,0.7309
0.5500,0.2000,50,0.9689
0.6000,0.0000,3,0.2160
0.6000,0.0000,5,0.3888
0.6000,0.0000,10,0.7014
0.6000,0.0000,20,0.9277
0.6000,0.0000,50,0.9990
0.6000,0.1000,3,0.1575
0.6000,0.1000,5,0.3265
0.6000,0.1000,10,0.6255
0.6000,0.1000,20,0.8836
0.6000,0.1000,50,0.9965
0.6000,0.2000,3,0.1106
0.6000,0.2000,5,0.2644
0.6000,0.2000,10,0.5400
0.6000,0.2000,20,0.8200
0.6000,0.2000,50,0.9892
0.6500,0.0000,3,0.2746
0.6500,0.0000,5,0.4669
0.6500,0.0000,10,0.7864
0.6500,0.0000,20,0.9649
0.6500,0.0000,50,0.9998
0.6500,0.1000,3,0.2002
0.6500,0.1000,5,0.3981
0.6500,0.1000,10,0.7162
0.6500,0.1000,20,0.9364
0.6500,0.1000,50,0.9993
0.6500,0.2000,3,0.1406
0.6500,0.2000,5,0.3273
0.6500,0.2000,10,0.6325
0.6500,0.2000,20,0.8902
0.6500,0.2000,50,0.9971
0.7000,0.0000,3,0.3430
0.7000,0.0000,5,0.5488
0.7000,0.0000,10,0.8586
0.7000,0.0000,20,0.9856
0.7000,0.0000,50,1.0000
0.7000,0.1000,3,0.2500
0.7000,0.1000,5,0.4757
0.7000,0.1000,10,0.7983
0.7000,0.1000,20,0.9697
0.7000,0.1000,50,0.9999
0.7000,0.2000,3,0.1756
0.7000,0.2000,5,0.3975
0.7000,0.2000,10,0.7213
0.7000,0.2000,20,0.9403
0.7000,0.2000,50,0.9994
0.7500,0.0000,3,0.4219
0.7500,0.0000,5,0.6328
0.7500,0.0000,10,0.9154
0.7500,0.0000,20,0.9952
0.7500,0.0000,50,1.0000
0.7500,0.1000,3,0.3075
0.7500,0.1000,5,0.5582
0.7500,0.1000,10,0.8682
0.7500,0.1000,20,0.9880
0.7500,0.1000,50,1.0000
0.7500,0.2000,3,0.2160
0.7500,0.2000,5,0.4747
0.7500,0.2000,10,0.8026
0.7500,0.2000,20,0.9721
0.7500,0.2000,50,0.9999
0.8000,0.0000,3,0.5120
0.8000,0.0000,5,0.7168
0.8000,0.0000,10,0.9562
0.8000,0.0000,20,0.9988
0.8000,0.0000,50,1.0000
0.8000,0.1000,3,0.3732
0.8000,0.1000,5,0.6444
0.8000,0.1000,10,0.9233
0.8000,0.1000,20,0.9963
0.8000,0.1000,50,1.0000
0.8000,0.2000,3,0.2621
0.8000,0.2000,5,0.5583
0.8000,0.2000,10,0.8726
0.8000,0.2000,20,0.9894
0.8000,0.2000,50,1.0000
0.8500,0.0000,3,0.6141
0.8500,0.0000,5,0.7984
0.8500,0.0000,10,0.9818
0.8500,0.0000,20,0.9998
0.8500,0.0000,50,1.0000
0.8500,0.1000,3,0.4477
0.8500,0.1000,5,0.7327
0.8500,0.1000,10,0.9626
0.8500,0.1000,20,0.9992
0.8500,0.1000,50,1.0000
0.8500,0.2000,3,0.3144
0.8500,0.2000,5,0.6477
0.8500,0.2000,10,0.9283
0.8500,0.2000,20,0.9971
0.8500,0.2000,50,1.0000
0.9000,0.0000,3,0.7290
0.9000,0.0000,5,0.8748
0.9000,0.0000,10,0.9948
0.9000,0.0000,20,1.0000
0.9000,0.0000,50,1.0000
0.9000,0.1000,3,0.5314
0.9000,0.1000,5,0.8214
0.9000,0.1000,10,0.9865
0.9000,0.1000,20,0.9999
0.9000,0.1000,50,1.0000
0.9000,0.2000,3,0.3732
0.9000,0.2000,5,0.7422
0.9000,0.2000,10,0.9680
0.9000,0.2000,20,0.9995
0.9000,0.2000,50,1.0000
0.9500,0.0000,3,0.8574
0.9500,0.0000,5,0.9431
0.9500,0.0000,10,0.9994
0.9500,0.0000,20,1.0000
0.9500,0.0000,50,1.0000
0.9500,0.1000,3,0.6250
0.9500,0.1000,5,0.9084
0.9500,0.1000,10,0.9975
0.9500,0.1000,20,1.0000
0.9500,0.1000,50,1.0000
0.9500,0.2000,3,0.4390
0.9500,0.2000,5,0.8407
0.9500,0.2000,10,0.9913
0.9500,0.2000,20,1.0000
0.9500,0.2000,50,1.0000
