comparison,metric,first,second,difference,low,high
1,r1_rms_200,shrinking/both/G0,shrinking/general/G0,-0.0947,-0.1041,-0.0843
1,r3_inside,shrinking/both/G0,shrinking/general/G0,0.0336,0.0285,0.0386
1,r4_false,shrinking/both/G0,shrinking/general/G0,-0.0113,-0.0347,0.0121
2,r6_lag,shrinking/both/G2,shrinking/general/G2,0.2627,0.2450,0.2817
2,r3_inside,shrinking/both/G2,shrinking/general/G2,0.0274,0.0239,0.0310
1,r1_rms_200,shrinking/both/G0,constant/general/G0,-0.1244,-0.1385,-0.1098
1,r3_inside,shrinking/both/G0,constant/general/G0,0.0068,0.0023,0.0115
1,r4_false,shrinking/both/G0,constant/general/G0,0.0016,-0.0128,0.0168
2,r6_lag,shrinking/both/G2,constant/general/G2,-0.6167,-0.6383,-0.5943
2,r3_inside,shrinking/both/G2,constant/general/G2,-0.1134,-0.1182,-0.1083
1,r1_rms_200,shrinking/both/G0,gradient/general/G0,-0.1072,-0.1176,-0.0970
1,r3_inside,shrinking/both/G0,gradient/general/G0,0.0370,0.0319,0.0422
1,r4_false,shrinking/both/G0,gradient/general/G0,-0.0112,-0.0339,0.0108
2,r6_lag,shrinking/both/G2,gradient/general/G2,0.2974,0.2766,0.3177
2,r3_inside,shrinking/both/G2,gradient/general/G2,0.0298,0.0263,0.0336
1,r1_rms_200,shrinking/both/G0,shrinking/topics/G0,-0.2010,-0.2167,-0.1845
1,r3_inside,shrinking/both/G0,shrinking/topics/G0,0.0640,0.0576,0.0702
1,r4_false,shrinking/both/G0,shrinking/topics/G0,0.0305,0.0144,0.0458
2,r6_lag,shrinking/both/G2,shrinking/topics/G2,0.3394,0.3139,0.3683
2,r3_inside,shrinking/both/G2,shrinking/topics/G2,0.0524,0.0485,0.0567
1,r1_rms_200,shrinking/both/G0,constant/topics/G0,-0.1749,-0.1890,-0.1612
1,r3_inside,shrinking/both/G0,constant/topics/G0,0.0621,0.0568,0.0676
1,r4_false,shrinking/both/G0,constant/topics/G0,0.0152,0.0010,0.0296
2,r6_lag,shrinking/both/G2,constant/topics/G2,0.1531,0.1295,0.1765
2,r3_inside,shrinking/both/G2,constant/topics/G2,0.0318,0.0273,0.0361
1,r1_rms_200,shrinking/both/G0,gradient/topics/G0,-0.2129,-0.2299,-0.1952
1,r3_inside,shrinking/both/G0,gradient/topics/G0,0.0676,0.0614,0.0741
1,r4_false,shrinking/both/G0,gradient/topics/G0,0.0371,0.0200,0.0539
2,r6_lag,shrinking/both/G2,gradient/topics/G2,0.3536,0.3254,0.3839
2,r3_inside,shrinking/both/G2,gradient/topics/G2,0.0533,0.0493,0.0576
1,r1_rms_200,shrinking/both/G0,constant/both/G0,-0.0983,-0.1111,-0.0858
1,r3_inside,shrinking/both/G0,constant/both/G0,0.0101,0.0059,0.0142
1,r4_false,shrinking/both/G0,constant/both/G0,-0.0475,-0.0603,-0.0349
2,r6_lag,shrinking/both/G2,constant/both/G2,-0.6428,-0.6639,-0.6214
2,r3_inside,shrinking/both/G2,constant/both/G2,-0.1199,-0.1249,-0.1150
1,r1_rms_200,shrinking/both/G0,gradient/both/G0,0.0024,-0.0037,0.0080
1,r3_inside,shrinking/both/G0,gradient/both/G0,0.0020,-0.0010,0.0051
1,r4_false,shrinking/both/G0,gradient/both/G0,-0.0070,-0.0156,0.0015
2,r6_lag,shrinking/both/G2,gradient/both/G2,0.0390,0.0317,0.0460
2,r3_inside,shrinking/both/G2,gradient/both/G2,0.0067,0.0046,0.0088
1,r1_rms_200,shrinking/both/G0,glicko2/general/G0,-0.0875,-0.0987,-0.0758
1,r3_inside,shrinking/both/G0,glicko2/general/G0,0.0139,0.0075,0.0199
1,r4_false,shrinking/both/G0,glicko2/general/G0,-0.0792,-0.0980,-0.0597
2,r6_lag,shrinking/both/G2,glicko2/general/G2,-0.8857,-0.9041,-0.8656
2,r3_inside,shrinking/both/G2,glicko2/general/G2,-0.1688,-0.1751,-0.1622
1,r1_rms_200,shrinking/both/G0,glicko2_floor/general/G0,-0.0988,-0.1119,-0.0861
1,r3_inside,shrinking/both/G0,glicko2_floor/general/G0,-0.0059,-0.0109,-0.0003
1,r4_false,shrinking/both/G0,glicko2_floor/general/G0,-0.0048,-0.0231,0.0143
2,r6_lag,shrinking/both/G2,glicko2_floor/general/G2,-0.4966,-0.5169,-0.4759
2,r3_inside,shrinking/both/G2,glicko2_floor/general/G2,-0.1020,-0.1074,-0.0965
1,r1_rms_200,shrinking/both/G0,urnings/general/G0,-0.1852,-0.2030,-0.1681
1,r3_inside,shrinking/both/G0,urnings/general/G0,0.0394,0.0333,0.0461
1,r4_false,shrinking/both/G0,urnings/general/G0,-0.0076,-0.0257,0.0097
2,r6_lag,shrinking/both/G2,urnings/general/G2,-0.7865,-0.8152,-0.7581
2,r3_inside,shrinking/both/G2,urnings/general/G2,-0.1170,-0.1240,-0.1100
1,r1_rms_200,shrinking/both/G0,glicko2/topics/G0,-0.2876,-0.3038,-0.2716
1,r3_inside,shrinking/both/G0,glicko2/topics/G0,0.0358,0.0290,0.0424
1,r4_false,shrinking/both/G0,glicko2/topics/G0,0.0645,0.0501,0.0804
2,r6_lag,shrinking/both/G2,glicko2/topics/G2,-0.3188,-0.3424,-0.2946
2,r3_inside,shrinking/both/G2,glicko2/topics/G2,-0.0549,-0.0615,-0.0481
1,r1_rms_200,shrinking/both/G0,glicko2_floor/topics/G0,-0.3391,-0.3578,-0.3216
1,r3_inside,shrinking/both/G0,glicko2_floor/topics/G0,0.0427,0.0367,0.0490
1,r4_false,shrinking/both/G0,glicko2_floor/topics/G0,0.0931,0.0775,0.1092
2,r6_lag,shrinking/both/G2,glicko2_floor/topics/G2,0.0070,-0.0163,0.0303
2,r3_inside,shrinking/both/G2,glicko2_floor/topics/G2,0.0102,0.0038,0.0167
1,r1_rms_200,shrinking/both/G0,urnings/topics/G0,-0.2520,-0.2731,-0.2302
1,r3_inside,shrinking/both/G0,urnings/topics/G0,0.0897,0.0797,0.0998
1,r4_false,shrinking/both/G0,urnings/topics/G0,0.0174,-0.0027,0.0383
2,r6_lag,shrinking/both/G2,urnings/topics/G2,0.2491,0.1985,0.2994
2,r3_inside,shrinking/both/G2,urnings/topics/G2,0.0342,0.0250,0.0433
3,r7_error_5,shrinking/both/G1,no_trial/both/G1,-1.2937,-1.3411,-1.2473
3,r7_error_10,shrinking/both/G1,no_trial/both/G1,-1.1821,-1.2277,-1.1384
3,r7_longest_wrong,shrinking/both/G1,no_trial/both/G1,-0.0150,-0.1020,0.0740
3,r7_hard_first,shrinking/both/G1,no_trial/both/G1,-0.1653,-0.1804,-0.1504
4,r6_jump_answers,floor_0.01/both/G3,shrinking/both/G3,0.0000,0.0000,0.0000
4,r1_rms_200,floor_0.01/both/G0,shrinking/both/G0,0.0000,0.0000,0.0000
4,r6_jump_answers,floor_0.02/both/G3,shrinking/both/G3,0.0000,0.0000,0.0000
4,r1_rms_200,floor_0.02/both/G0,shrinking/both/G0,-0.0003,-0.0005,-0.0001
4,r6_jump_answers,floor_0.05/both/G3,shrinking/both/G3,-7.1410,-8.3060,-5.9880
4,r1_rms_200,floor_0.05/both/G0,shrinking/both/G0,-0.0040,-0.0099,0.0015
