class,check,fired_percent,first_percent,only_percent
D01,bad_structure,0.0,0.0,0.0
D01,distractor_explanations,0.0,0.0,0.0
D01,drawing_format,0.0,0.0,0.0
D01,drawing_mismatch,0.0,0.0,0.0
D01,readability,0.0,0.0,0.0
D01,solver_error,0.0,0.0,0.0
D01,solver_disagrees,100.0,100.0,100.0
D01,self_check_blocking,0.0,0.0,0.0
D01,near_duplicate,0.0,0.0,0.0
D02,bad_structure,67.7,67.7,0.0
D02,distractor_explanations,0.0,0.0,0.0
D02,drawing_format,0.0,0.0,0.0
D02,drawing_mismatch,0.0,0.0,0.0
D02,readability,0.0,0.0,0.0
D02,solver_error,0.0,0.0,0.0
D02,solver_disagrees,67.7,0.0,0.0
D02,self_check_blocking,0.0,0.0,0.0
D02,near_duplicate,0.0,0.0,0.0
D03,bad_structure,0.0,0.0,0.0
D03,distractor_explanations,0.0,0.0,0.0
D03,drawing_format,0.0,0.0,0.0
D03,drawing_mismatch,0.0,0.0,0.0
D03,readability,0.0,0.0,0.0
D03,solver_error,0.0,0.0,0.0
D03,solver_disagrees,100.0,100.0,100.0
D03,self_check_blocking,0.0,0.0,0.0
D03,near_duplicate,0.0,0.0,0.0
D04,bad_structure,0.0,0.0,0.0
D04,distractor_explanations,0.0,0.0,0.0
D04,drawing_format,0.0,0.0,0.0
D04,drawing_mismatch,0.0,0.0,0.0
D04,readability,0.0,0.0,0.0
D04,solver_error,100.0,100.0,100.0
D04,solver_disagrees,0.0,0.0,0.0
D04,self_check_blocking,0.0,0.0,0.0
D04,near_duplicate,0.0,0.0,0.0
D05,bad_structure,0.0,0.0,0.0
D05,distractor_explanations,0.0,0.0,0.0
D05,drawing_format,0.0,0.0,0.0
D05,drawing_mismatch,0.0,0.0,0.0
D05,readability,0.0,0.0,0.0
D05,solver_error,100.0,100.0,100.0
D05,solver_disagrees,0.0,0.0,0.0
D05,self_check_blocking,0.0,0.0,0.0
D05,near_duplicate,0.0,0.0,0.0
D06,bad_structure,0.0,0.0,0.0
D06,distractor_explanations,0.0,0.0,0.0
D06,drawing_format,0.0,0.0,0.0
D06,drawing_mismatch,0.0,0.0,0.0
D06,readability,0.0,0.0,0.0
D06,solver_error,0.0,0.0,0.0
D06,solver_disagrees,100.0,100.0,100.0
D06,self_check_blocking,0.0,0.0,0.0
D06,near_duplicate,0.0,0.0,0.0
D07,bad_structure,0.0,0.0,0.0
D07,distractor_explanations,0.0,0.0,0.0
D07,drawing_format,0.0,0.0,0.0
D07,drawing_mismatch,0.0,0.0,0.0
D07,readability,0.0,0.0,0.0
D07,solver_error,0.0,0.0,0.0
D07,solver_disagrees,100.0,100.0,100.0
D07,self_check_blocking,0.0,0.0,0.0
D07,near_duplicate,0.0,0.0,0.0
D08,bad_structure,0.0,0.0,0.0
D08,distractor_explanations,0.0,0.0,0.0
D08,drawing_format,0.0,0.0,0.0
D08,drawing_mismatch,0.0,0.0,0.0
D08,readability,0.0,0.0,0.0
D08,solver_error,0.0,0.0,0.0
D08,solver_disagrees,0.0,0.0,0.0
D08,self_check_blocking,100.0,100.0,100.0
D08,near_duplicate,0.0,0.0,0.0
D09,bad_structure,100.0,100.0,92.3
D09,distractor_explanations,7.7,0.0,0.0
D09,drawing_format,0.0,0.0,0.0
D09,drawing_mismatch,0.0,0.0,0.0
D09,readability,0.0,0.0,0.0
D09,solver_error,0.0,0.0,0.0
D09,solver_disagrees,0.0,0.0,0.0
D09,self_check_blocking,0.0,0.0,0.0
D09,near_duplicate,0.0,0.0,0.0
D10,bad_structure,100.0,100.0,100.0
D10,distractor_explanations,0.0,0.0,0.0
D10,drawing_format,0.0,0.0,0.0
D10,drawing_mismatch,0.0,0.0,0.0
D10,readability,0.0,0.0,0.0
D10,solver_error,0.0,0.0,0.0
D10,solver_disagrees,0.0,0.0,0.0
D10,self_check_blocking,0.0,0.0,0.0
D10,near_duplicate,0.0,0.0,0.0
D11,bad_structure,100.0,100.0,100.0
D11,distractor_explanations,0.0,0.0,0.0
D11,drawing_format,0.0,0.0,0.0
D11,drawing_mismatch,0.0,0.0,0.0
D11,readability,0.0,0.0,0.0
D11,solver_error,0.0,0.0,0.0
D11,solver_disagrees,0.0,0.0,0.0
D11,self_check_blocking,0.0,0.0,0.0
D11,near_duplicate,0.0,0.0,0.0
D12,bad_structure,16.7,16.7,16.7
D12,distractor_explanations,83.3,83.3,83.3
D12,drawing_format,0.0,0.0,0.0
D12,drawing_mismatch,0.0,0.0,0.0
D12,readability,0.0,0.0,0.0
D12,solver_error,0.0,0.0,0.0
D12,solver_disagrees,0.0,0.0,0.0
D12,self_check_blocking,0.0,0.0,0.0
D12,near_duplicate,0.0,0.0,0.0
D13,bad_structure,0.0,0.0,0.0
D13,distractor_explanations,0.0,0.0,0.0
D13,drawing_format,0.0,0.0,0.0
D13,drawing_mismatch,0.0,0.0,0.0
D13,readability,100.0,100.0,100.0
D13,solver_error,0.0,0.0,0.0
D13,solver_disagrees,0.0,0.0,0.0
D13,self_check_blocking,0.0,0.0,0.0
D13,near_duplicate,0.0,0.0,0.0
D14,bad_structure,0.0,0.0,0.0
D14,distractor_explanations,0.0,0.0,0.0
D14,drawing_format,0.0,0.0,0.0
D14,drawing_mismatch,0.0,0.0,0.0
D14,readability,0.0,0.0,0.0
D14,solver_error,0.0,0.0,0.0
D14,solver_disagrees,0.0,0.0,0.0
D14,self_check_blocking,0.0,0.0,0.0
D14,near_duplicate,98.2,98.2,98.2
D15,bad_structure,0.0,0.0,0.0
D15,distractor_explanations,0.0,0.0,0.0
D15,drawing_format,0.0,0.0,0.0
D15,drawing_mismatch,0.0,0.0,0.0
D15,readability,0.0,0.0,0.0
D15,solver_error,0.0,0.0,0.0
D15,solver_disagrees,0.0,0.0,0.0
D15,self_check_blocking,0.0,0.0,0.0
D15,near_duplicate,98.3,98.3,98.3
D16,bad_structure,0.0,0.0,0.0
D16,distractor_explanations,0.0,0.0,0.0
D16,drawing_format,100.0,100.0,100.0
D16,drawing_mismatch,0.0,0.0,0.0
D16,readability,0.0,0.0,0.0
D16,solver_error,0.0,0.0,0.0
D16,solver_disagrees,0.0,0.0,0.0
D16,self_check_blocking,0.0,0.0,0.0
D16,near_duplicate,0.0,0.0,0.0
D17,bad_structure,0.0,0.0,0.0
D17,distractor_explanations,0.0,0.0,0.0
D17,drawing_format,100.0,100.0,100.0
D17,drawing_mismatch,0.0,0.0,0.0
D17,readability,0.0,0.0,0.0
D17,solver_error,0.0,0.0,0.0
D17,solver_disagrees,0.0,0.0,0.0
D17,self_check_blocking,0.0,0.0,0.0
D17,near_duplicate,0.0,0.0,0.0
D18,bad_structure,0.0,0.0,0.0
D18,distractor_explanations,0.0,0.0,0.0
D18,drawing_format,0.0,0.0,0.0
D18,drawing_mismatch,100.0,100.0,100.0
D18,readability,0.0,0.0,0.0
D18,solver_error,0.0,0.0,0.0
D18,solver_disagrees,0.0,0.0,0.0
D18,self_check_blocking,0.0,0.0,0.0
D18,near_duplicate,0.0,0.0,0.0
X01,bad_structure,0.0,0.0,0.0
X01,distractor_explanations,0.0,0.0,0.0
X01,drawing_format,0.0,0.0,0.0
X01,drawing_mismatch,0.0,0.0,0.0
X01,readability,2.2,2.2,2.2
X01,solver_error,0.0,0.0,0.0
X01,solver_disagrees,0.0,0.0,0.0
X01,self_check_blocking,0.0,0.0,0.0
X01,near_duplicate,0.0,0.0,0.0
X02,bad_structure,0.0,0.0,0.0
X02,distractor_explanations,0.0,0.0,0.0
X02,drawing_format,0.0,0.0,0.0
X02,drawing_mismatch,1.8,1.8,1.8
X02,readability,5.2,5.2,5.2
X02,solver_error,0.0,0.0,0.0
X02,solver_disagrees,0.0,0.0,0.0
X02,self_check_blocking,0.0,0.0,0.0
X02,near_duplicate,0.0,0.0,0.0
X03,bad_structure,0.0,0.0,0.0
X03,distractor_explanations,0.0,0.0,0.0
X03,drawing_format,0.0,0.0,0.0
X03,drawing_mismatch,0.0,0.0,0.0
X03,readability,1.0,1.0,1.0
X03,solver_error,0.0,0.0,0.0
X03,solver_disagrees,0.0,0.0,0.0
X03,self_check_blocking,0.0,0.0,0.0
X03,near_duplicate,0.0,0.0,0.0
X04,bad_structure,0.0,0.0,0.0
X04,distractor_explanations,0.0,0.0,0.0
X04,drawing_format,0.0,0.0,0.0
X04,drawing_mismatch,0.0,0.0,0.0
X04,readability,0.0,0.0,0.0
X04,solver_error,0.0,0.0,0.0
X04,solver_disagrees,0.0,0.0,0.0
X04,self_check_blocking,0.0,0.0,0.0
X04,near_duplicate,0.0,0.0,0.0
X05,bad_structure,0.0,0.0,0.0
X05,distractor_explanations,0.0,0.0,0.0
X05,drawing_format,0.0,0.0,0.0
X05,drawing_mismatch,0.0,0.0,0.0
X05,readability,0.0,0.0,0.0
X05,solver_error,0.0,0.0,0.0
X05,solver_disagrees,0.0,0.0,0.0
X05,self_check_blocking,0.0,0.0,0.0
X05,near_duplicate,0.0,0.0,0.0
X06,bad_structure,0.0,0.0,0.0
X06,distractor_explanations,0.0,0.0,0.0
X06,drawing_format,0.0,0.0,0.0
X06,drawing_mismatch,0.0,0.0,0.0
X06,readability,3.4,3.4,3.4
X06,solver_error,0.0,0.0,0.0
X06,solver_disagrees,0.0,0.0,0.0
X06,self_check_blocking,0.0,0.0,0.0
X06,near_duplicate,0.0,0.0,0.0
X07,bad_structure,0.0,0.0,0.0
X07,distractor_explanations,0.0,0.0,0.0
X07,drawing_format,0.0,0.0,0.0
X07,drawing_mismatch,0.0,0.0,0.0
X07,readability,0.0,0.0,0.0
X07,solver_error,0.0,0.0,0.0
X07,solver_disagrees,0.0,0.0,0.0
X07,self_check_blocking,0.0,0.0,0.0
X07,near_duplicate,0.0,0.0,0.0
X08,bad_structure,0.0,0.0,0.0
X08,distractor_explanations,0.0,0.0,0.0
X08,drawing_format,0.0,0.0,0.0
X08,drawing_mismatch,0.0,0.0,0.0
X08,readability,0.0,0.0,0.0
X08,solver_error,0.0,0.0,0.0
X08,solver_disagrees,0.0,0.0,0.0
X08,self_check_blocking,0.0,0.0,0.0
X08,near_duplicate,0.0,0.0,0.0
X09,bad_structure,0.0,0.0,0.0
X09,distractor_explanations,0.0,0.0,0.0
X09,drawing_format,0.0,0.0,0.0
X09,drawing_mismatch,0.0,0.0,0.0
X09,readability,1.0,1.0,0.0
X09,solver_error,0.0,0.0,0.0
X09,solver_disagrees,0.0,0.0,0.0
X09,self_check_blocking,0.0,0.0,0.0
X09,near_duplicate,92.4,91.4,91.4
