class,valid,refused_percent,refused_low,refused_high,refused_exact_low,refused_exact_high,expected_percent,expected_low,expected_high,expected_exact_low,expected_exact_high,unchecked_percent
D01,447,100.0,100.0,100.0,99.2,100.0,100.0,100.0,100.0,99.2,100.0,0.0
D02,660,67.7,65.6,69.8,64.0,71.3,67.7,65.6,69.8,64.0,71.3,0.0
D03,447,100.0,100.0,100.0,99.2,100.0,100.0,100.0,100.0,99.2,100.0,0.0
D04,2235,100.0,100.0,100.0,99.8,100.0,100.0,100.0,100.0,99.8,100.0,0.0
D05,447,100.0,100.0,100.0,99.2,100.0,100.0,100.0,100.0,99.2,100.0,0.0
D06,447,100.0,100.0,100.0,99.2,100.0,100.0,100.0,100.0,99.2,100.0,0.0
D07,894,100.0,100.0,100.0,99.6,100.0,100.0,100.0,100.0,99.6,100.0,0.0
D08,447,100.0,100.0,100.0,99.2,100.0,100.0,100.0,100.0,99.2,100.0,0.0
D09,5811,100.0,100.0,100.0,99.9,100.0,100.0,100.0,100.0,99.9,100.0,23.1
D10,1788,100.0,100.0,100.0,99.8,100.0,100.0,100.0,100.0,99.8,100.0,0.0
D11,447,100.0,100.0,100.0,99.2,100.0,100.0,100.0,100.0,99.2,100.0,0.0
D12,2682,100.0,100.0,100.0,99.9,100.0,100.0,100.0,100.0,99.9,100.0,0.0
D13,455,100.0,100.0,100.0,99.2,100.0,100.0,100.0,100.0,99.2,100.0,0.0
D14,1013,98.2,97.4,99.0,97.2,98.9,98.2,97.4,99.0,97.2,98.9,0.0
D15,804,98.3,97.4,99.1,97.1,99.0,98.3,97.4,99.1,97.1,99.0,0.0
D16,96,100.0,100.0,100.0,96.2,100.0,100.0,100.0,100.0,96.2,100.0,0.0
D17,96,100.0,100.0,100.0,96.2,100.0,100.0,100.0,100.0,96.2,100.0,0.0
D18,69,100.0,100.0,100.0,94.8,100.0,100.0,100.0,100.0,94.8,100.0,0.0
X01,723,2.2,1.1,3.6,1.3,3.6,0.0,0.0,0.0,0.0,0.5,0.0
X02,325,7.1,4.3,9.8,4.5,10.4,0.0,0.0,0.0,0.0,1.1,0.0
X03,206,1.0,0.0,2.4,0.1,3.5,0.0,0.0,0.0,0.0,1.8,0.0
X04,873,0.0,0.0,0.0,0.0,0.4,0.0,0.0,0.0,0.0,0.4,0.0
X05,447,0.0,0.0,0.0,0.0,0.8,0.0,0.0,0.0,0.0,0.8,0.0
X06,447,3.4,1.8,5.1,1.9,5.5,0.0,0.0,0.0,0.0,0.8,0.0
X07,447,0.0,0.0,0.0,0.0,0.8,0.0,0.0,0.0,0.0,0.8,0.0
X08,396,0.0,0.0,0.0,0.0,0.9,0.0,0.0,0.0,0.0,0.9,0.0
X09,304,92.4,89.4,95.3,88.9,95.1,0.0,0.0,0.0,0.0,1.2,0.0
