operator,class,kind,expected_codes,applied,valid,refused_percent,refused_low,refused_high,expected_percent,expected_low,expected_high,read,equivalent
D01a,D01,mechanism,solver_disagrees,447,447,100.0,99.2,100.0,100.0,99.2,100.0,,
D02a,D02,mechanism,bad_structure;solver_disagrees,447,447,100.0,99.2,100.0,100.0,99.2,100.0,,
D02b,D02,discovery,bad_structure;solver_disagrees,213,213,0.0,0.0,1.7,0.0,0.0,1.7,,
D03a,D03,mechanism,solver_disagrees,447,447,100.0,99.2,100.0,100.0,99.2,100.0,,
D04a,D04,mechanism,solver_error,447,447,100.0,99.2,100.0,100.0,99.2,100.0,,
D04b,D04,mechanism,solver_error,447,447,100.0,99.2,100.0,100.0,99.2,100.0,,
D04c,D04,mechanism,solver_error,447,447,100.0,99.2,100.0,100.0,99.2,100.0,,
D04d,D04,mechanism,solver_error,447,447,100.0,99.2,100.0,100.0,99.2,100.0,,
D04e,D04,mechanism,solver_error,447,447,100.0,99.2,100.0,100.0,99.2,100.0,,
D05a,D05,mechanism,solver_error,447,447,100.0,99.2,100.0,100.0,99.2,100.0,,
D06a,D06,mechanism,solver_disagrees,447,447,100.0,99.2,100.0,100.0,99.2,100.0,,
D07a,D07,mechanism,solver_disagrees,447,447,100.0,99.2,100.0,100.0,99.2,100.0,,
D07b,D07,mechanism,solver_disagrees,447,447,100.0,99.2,100.0,100.0,99.2,100.0,,
D08a,D08,mechanism,self_check_blocking,447,447,100.0,99.2,100.0,100.0,99.2,100.0,,
D09a-question,D09,mechanism,bad_structure,447,447,100.0,99.2,100.0,100.0,99.2,100.0,,
D09a-hint,D09,mechanism,bad_structure,447,447,100.0,99.2,100.0,100.0,99.2,100.0,,
D09a-solution,D09,mechanism,bad_structure,447,447,100.0,99.2,100.0,100.0,99.2,100.0,,
D09a-core_idea,D09,mechanism,bad_structure,447,447,100.0,99.2,100.0,100.0,99.2,100.0,,
D09a-design_thought_process,D09,mechanism,bad_structure,447,447,100.0,99.2,100.0,100.0,99.2,100.0,,
D09a-setting,D09,mechanism,bad_structure,447,447,100.0,99.2,100.0,100.0,99.2,100.0,,
D09a-rationale,D09,mechanism,bad_structure,447,447,100.0,99.2,100.0,100.0,99.2,100.0,,
D09b,D09,mechanism,bad_structure,447,447,100.0,99.2,100.0,100.0,99.2,100.0,,
D09c,D09,mechanism,bad_structure,447,447,100.0,99.2,100.0,100.0,99.2,100.0,,
D09d,D09,mechanism,bad_structure,447,447,100.0,99.2,100.0,100.0,99.2,100.0,,
D09e,D09,mechanism,bad_structure,447,447,100.0,99.2,100.0,100.0,99.2,100.0,,
D09f,D09,mechanism,bad_structure,447,447,100.0,99.2,100.0,100.0,99.2,100.0,,
D09g,D09,mechanism,bad_structure,447,447,100.0,99.2,100.0,100.0,99.2,100.0,,
D10a,D10,mechanism,bad_structure,447,447,100.0,99.2,100.0,100.0,99.2,100.0,,
D10b,D10,mechanism,bad_structure,447,447,100.0,99.2,100.0,100.0,99.2,100.0,,
D10c,D10,mechanism,bad_structure,447,447,100.0,99.2,100.0,100.0,99.2,100.0,,
D10d,D10,mechanism,bad_structure,447,447,100.0,99.2,100.0,100.0,99.2,100.0,,
D11a,D11,mechanism,bad_structure,447,447,100.0,99.2,100.0,100.0,99.2,100.0,,
D12a,D12,mechanism,distractor_explanations,447,447,100.0,99.2,100.0,100.0,99.2,100.0,,
D12b,D12,mechanism,distractor_explanations,447,447,100.0,99.2,100.0,100.0,99.2,100.0,,
D12c,D12,mechanism,distractor_explanations,447,447,100.0,99.2,100.0,100.0,99.2,100.0,,
D12d,D12,mechanism,distractor_explanations,447,447,100.0,99.2,100.0,100.0,99.2,100.0,,
D12e,D12,mechanism,distractor_explanations,447,447,100.0,99.2,100.0,100.0,99.2,100.0,,
D12f,D12,mechanism,bad_structure,447,447,100.0,99.2,100.0,100.0,99.2,100.0,,
D13a,D13,mechanism,readability,114,114,100.0,96.8,100.0,100.0,96.8,100.0,,
D13b,D13,mechanism,readability,341,341,100.0,98.9,100.0,100.0,98.9,100.0,,
D14a,D14,mechanism,near_duplicate,423,423,100.0,99.1,100.0,100.0,99.1,100.0,,
D14b,D14,discovery,near_duplicate,332,332,94.6,91.6,96.8,94.6,91.6,96.8,,
D14c,D14,mechanism,near_duplicate,258,258,100.0,98.6,100.0,100.0,98.6,100.0,,
D15a,D15,mechanism,near_duplicate,447,447,100.0,99.2,100.0,100.0,99.2,100.0,,
D15b,D15,discovery,near_duplicate,357,357,96.1,93.5,97.8,96.1,93.5,97.8,,
X09a,X09,out_of_scope,,177,177,95.5,91.3,98.0,0.0,0.0,2.1,10,0
X09b,X09,out_of_scope,,127,127,88.2,81.3,93.2,0.0,0.0,2.9,10,0
D16a,D16,mechanism,drawing_format,24,24,100.0,85.8,100.0,100.0,85.8,100.0,,
D16b,D16,mechanism,drawing_format,24,24,100.0,85.8,100.0,100.0,85.8,100.0,,
D16c,D16,mechanism,drawing_format,24,24,100.0,85.8,100.0,100.0,85.8,100.0,,
D16d,D16,mechanism,drawing_format,24,24,100.0,85.8,100.0,100.0,85.8,100.0,,
D17a,D17,mechanism,drawing_format,24,24,100.0,85.8,100.0,100.0,85.8,100.0,,
D17b,D17,mechanism,drawing_format,24,24,100.0,85.8,100.0,100.0,85.8,100.0,,
D17c,D17,mechanism,drawing_format,24,24,100.0,85.8,100.0,100.0,85.8,100.0,,
D17d,D17,mechanism,drawing_format,24,24,100.0,85.8,100.0,100.0,85.8,100.0,,
D18a,D18,mechanism,drawing_mismatch,23,23,100.0,85.2,100.0,100.0,85.2,100.0,,
D18b,D18,mechanism,drawing_mismatch,23,23,100.0,85.2,100.0,100.0,85.2,100.0,,
D18c,D18,mechanism,drawing_mismatch,23,23,100.0,85.2,100.0,100.0,85.2,100.0,,
X01a,X01,out_of_scope,,366,366,2.7,1.3,5.0,0.0,0.0,1.0,10,0
X01b,X01,out_of_scope,,357,357,1.7,0.6,3.6,0.0,0.0,1.0,10,0
X02a,X02,out_of_scope,,325,325,7.1,4.5,10.4,0.0,0.0,1.1,10,1
X03a,X03,out_of_scope,,206,206,1.0,0.1,3.5,0.0,0.0,1.8,10,4
X04a,X04,out_of_scope,,426,426,0.0,0.0,0.9,0.0,0.0,0.9,10,0
X04b,X04,out_of_scope,,447,447,0.0,0.0,0.8,0.0,0.0,0.8,10,0
X05a,X05,out_of_scope,,447,447,0.0,0.0,0.8,0.0,0.0,0.8,10,0
X06a,X06,out_of_scope,,447,447,3.4,1.9,5.5,0.0,0.0,0.8,10,0
X07a,X07,out_of_scope,,447,447,0.0,0.0,0.8,0.0,0.0,0.8,10,0
X08a,X08,out_of_scope,,396,396,0.0,0.0,0.9,0.0,0.0,0.9,10,0
