operator,host,verdict,note
X09a,cal-12-d2-1,real,
X09a,tri-34-d2-5,real,
X09a,game-56-d2-2,real,
X09a,par-12-d1-5,real,
X09a,tri-56-d3-3,real,
X09a,ord-34-d1-2,real,
X09a,par-12-d3-1,real,
X09a,ord-34-d3-1,real,
X09a,pig-12-d1-2,real,
X09a,gaps-12-d3-4,real,
X09b,gaps-12-d1-1,real,
X09b,cal-12-d1-1,real,
X09b,game-56-d3-3,real,
X09b,wp-56-d4-1,real,
X09b,clk-12-d4-5,real,
X09b,pct-56-d3-3,real,
X09b,cal-12-d4-5,real,
X09b,clk-34-d3-4,real,"8:00 became 8:1, a time no clock shows; still a copy with new numbers"
X09b,enum-34-d2-3,real,
X09b,gaps-34-d5-1,real,
X01a,cal-34-d4-3,real,
X01a,tri-56-d3-2,real,
X01a,cal-12-d4-5,real,
X01a,gaps-34-d4-4,real,
X01a,gaps-34-d1-4,real,
X01a,clk-56-d4-2,real,
X01a,frac-56-d4-1,real,
X01a,game-56-d3-2,real,
X01a,clk-12-d1-1,real,
X01a,pig-34-d2-3,real,
X01b,tri-34-d5-1,real,
X01b,gaps-56-d4-1,real,
X01b,gaps-12-d3-3,real,
X01b,clk-12-d2-1,real,
X01b,wp-34-d1-4,real,
X01b,sets-56-d3-3,real,
X01b,sets-56-d4-3,real,
X01b,gaps-12-d1-5,real,
X01b,clk-56-d2-3,real,
X01b,ratio-56-d2-2,real,
X02a,enum-34-d4-3,real,
X02a,gaps-12-d3-3,real,
X02a,tri-34-d5-4,real,"the removed piece is the product up to the ellipsis, which leaves the factors unstated"
X02a,cal-34-d5-5,real,
X02a,grid-56-d3-1,real,
X02a,gaps-34-d3-4,real,
X02a,enum-56-d2-3,equivalent,"the removed sentence says a die shows 1 to 6, which every die does"
X02a,clk-12-d5-2,real,
X02a,sets-56-d2-2,real,
X02a,sets-56-d3-2,real,
X03a,par-12-d4-5,real,
X03a,ord-34-d3-1,real,
X03a,pig-56-d3-3,equivalent,"one before another means what one after another meant"
X03a,par-12-d3-4,real,
X03a,div-56-d3-2,equivalent,"right over is not the opposite of left over but no reading at all"
X03a,gaps-12-d2-1,real,
X03a,clk-12-d5-2,real,"break after every next ride admits a reading with the fourth ride ending at 3:24"
X03a,ord-56-d2-2,equivalent,"left in front is not the opposite of right in front but no reading at all"
X03a,grid-56-d4-2,equivalent,"columns counted from the right mirror the grid, and the count of splits is the same"
X03a,ord-12-d3-3,real,
X04a,enum-34-d1-1,real,
X04a,enum-12-d3-4,real,
X04a,par-34-d1-4,real,
X04a,tri-56-d2-1,real,
X04a,pig-56-d3-3,real,
X04a,pct-56-d2-3,real,
X04a,gaps-56-d2-2,real,
X04a,tri-12-d5-2,real,
X04a,gaps-12-d1-3,real,
X04a,wp-56-d4-2,real,
X04b,pig-34-d2-3,real,
X04b,cal-34-d2-5,real,
X04b,enum-34-d2-3,real,
X04b,grid-56-d3-3,real,
X04b,gaps-56-d3-1,real,
X04b,tri-34-d1-5,real,
X04b,ord-12-d1-5,real,
X04b,gaps-34-d1-3,real,
X04b,pig-56-d2-3,real,
X04b,wp-34-d1-4,real,
X05a,cal-34-d1-1,real,
X05a,pig-34-d5-5,real,
X05a,wp-56-d3-1,real,
X05a,cal-12-d4-3,real,
X05a,par-34-d4-1,real,
X05a,pct-56-d2-3,real,
X05a,kl-34-d1-1,real,
X05a,cal-12-d2-2,real,
X05a,div-56-d4-1,real,
X05a,wp-34-d3-3,real,
X06a,par-12-d4-5,real,
X06a,gaps-34-d4-3,real,
X06a,par-34-d4-5,real,
X06a,clk-56-d3-3,real,
X06a,frac-56-d3-1,real,
X06a,pig-34-d1-2,real,
X06a,par-34-d5-2,real,
X06a,enum-56-d2-3,real,
X06a,pig-56-d4-3,real,
X06a,par-34-d1-1,real,
X07a,enum-12-d3-4,real,
X07a,div-56-d4-2,real,
X07a,tri-12-d5-3,real,
X07a,ord-56-d4-1,real,
X07a,tri-34-d5-4,real,
X07a,grid-56-d3-1,real,
X07a,tri-12-d1-5,real,
X07a,enum-12-d1-1,real,
X07a,clk-34-d4-2,real,
X07a,pig-34-d4-4,real,
X08a,clk-12-d3-5,real,
X08a,cal-56-d4-3,real,
X08a,div-56-d2-3,real,
X08a,ord-56-d4-2,real,
X08a,tri-34-d4-1,real,
X08a,enum-12-d5-2,real,
X08a,ord-12-d2-2,real,
X08a,tri-34-d5-2,real,
X08a,cal-56-d4-1,real,
X08a,cal-34-d5-2,real,
