host,level,topic,accepted,codes,unchecked
cal-12-d1-1,1-2,time.calendar,true,,0
cal-12-d1-2,1-2,time.calendar,true,,0
cal-12-d1-3,1-2,time.calendar,true,,0
cal-12-d1-4,1-2,time.calendar,true,,0
cal-12-d1-5,1-2,time.calendar,true,,0
cal-12-d2-1,1-2,time.calendar,true,,0
cal-12-d2-2,1-2,time.calendar,true,,0
cal-12-d2-3,1-2,time.calendar,false,readability,0
cal-12-d2-4,1-2,time.calendar,true,,0
cal-12-d2-5,1-2,time.calendar,true,,0
cal-12-d3-1,1-2,time.calendar,false,near_duplicate,0
cal-12-d3-2,1-2,time.calendar,true,,0
cal-12-d3-3,1-2,time.calendar,true,,0
cal-12-d3-4,1-2,time.calendar,false,readability,0
cal-12-d3-5,1-2,time.calendar,true,,0
cal-12-d4-1,1-2,time.calendar,false,near_duplicate,0
cal-12-d4-2,1-2,time.calendar,true,,0
cal-12-d4-3,1-2,time.calendar,true,,0
cal-12-d4-4,1-2,time.calendar,true,,0
cal-12-d4-5,1-2,time.calendar,true,,0
cal-12-d5-1,1-2,time.calendar,true,,0
cal-12-d5-2,1-2,time.calendar,true,,0
cal-12-d5-3,1-2,time.calendar,false,readability,0
cal-12-d5-4,1-2,time.calendar,true,,0
cal-12-d5-5,1-2,time.calendar,true,,0
cal-34-d1-1,3-4,time.calendar,true,,0
cal-34-d1-2,3-4,time.calendar,true,,0
cal-34-d1-3,3-4,time.calendar,true,,0
cal-34-d1-4,3-4,time.calendar,true,,0
cal-34-d1-5,3-4,time.calendar,true,,0
cal-34-d2-1,3-4,time.calendar,true,,0
cal-34-d2-2,3-4,time.calendar,true,,0
cal-34-d2-3,3-4,time.calendar,true,,0
cal-34-d2-4,3-4,time.calendar,true,,0
cal-34-d2-5,3-4,time.calendar,true,,0
cal-34-d3-1,3-4,time.calendar,true,,0
cal-34-d3-2,3-4,time.calendar,true,,0
cal-34-d3-3,3-4,time.calendar,true,,0
cal-34-d3-4,3-4,time.calendar,true,,0
cal-34-d3-5,3-4,time.calendar,true,,0
cal-34-d4-1,3-4,time.calendar,true,,0
cal-34-d4-2,3-4,time.calendar,true,,0
cal-34-d4-3,3-4,time.calendar,true,,0
cal-34-d4-4,3-4,time.calendar,true,,0
cal-34-d4-5,3-4,time.calendar,true,,0
cal-34-d5-1,3-4,time.calendar,true,,0
cal-34-d5-2,3-4,time.calendar,true,,0
cal-34-d5-3,3-4,time.calendar,true,,0
cal-34-d5-4,3-4,time.calendar,true,,0
cal-34-d5-5,3-4,time.calendar,true,,0
cal-56-d2-1,5-6,time.calendar,true,,0
cal-56-d2-2,5-6,time.calendar,true,,0
cal-56-d2-3,5-6,time.calendar,true,,0
cal-56-d3-1,5-6,time.calendar,true,,0
cal-56-d3-2,5-6,time.calendar,true,,0
cal-56-d3-3,5-6,time.calendar,true,,0
cal-56-d4-1,5-6,time.calendar,true,,0
cal-56-d4-2,5-6,time.calendar,true,,0
cal-56-d4-3,5-6,time.calendar,true,,0
clk-12-d1-1,1-2,time.clocks,true,,0
clk-12-d1-2,1-2,time.clocks,true,,0
clk-12-d1-3,1-2,time.clocks,true,,0
clk-12-d1-4,1-2,time.clocks,true,,0
clk-12-d1-5,1-2,time.clocks,true,,0
clk-12-d2-1,1-2,time.clocks,true,,0
clk-12-d2-2,1-2,time.clocks,true,,0
clk-12-d2-3,1-2,time.clocks,true,,0
clk-12-d2-4,1-2,time.clocks,false,readability;near_duplicate,0
clk-12-d2-5,1-2,time.clocks,true,,0
clk-12-d3-1,1-2,time.clocks,true,,0
clk-12-d3-2,1-2,time.clocks,true,,0
clk-12-d3-3,1-2,time.clocks,true,,0
clk-12-d3-4,1-2,time.clocks,true,,0
clk-12-d3-5,1-2,time.clocks,true,,0
clk-12-d4-1,1-2,time.clocks,true,,0
clk-12-d4-2,1-2,time.clocks,true,,0
clk-12-d4-3,1-2,time.clocks,false,readability;near_duplicate,0
clk-12-d4-4,1-2,time.clocks,true,,0
clk-12-d4-5,1-2,time.clocks,true,,0
clk-12-d5-1,1-2,time.clocks,false,readability,0
clk-12-d5-2,1-2,time.clocks,true,,0
clk-12-d5-3,1-2,time.clocks,true,,0
clk-12-d5-4,1-2,time.clocks,true,,0
clk-12-d5-5,1-2,time.clocks,true,,0
clk-34-d1-1,3-4,time.clocks,true,,0
clk-34-d1-2,3-4,time.clocks,true,,0
clk-34-d1-3,3-4,time.clocks,true,,0
clk-34-d1-4,3-4,time.clocks,true,,0
clk-34-d1-5,3-4,time.clocks,true,,0
clk-34-d2-1,3-4,time.clocks,true,,0
clk-34-d2-2,3-4,time.clocks,true,,0
clk-34-d2-3,3-4,time.clocks,true,,0
clk-34-d2-4,3-4,time.clocks,true,,0
clk-34-d2-5,3-4,time.clocks,true,,0
clk-34-d3-1,3-4,time.clocks,false,near_duplicate,0
clk-34-d3-2,3-4,time.clocks,true,,0
clk-34-d3-3,3-4,time.clocks,true,,0
clk-34-d3-4,3-4,time.clocks,true,,0
clk-34-d3-5,3-4,time.clocks,true,,0
clk-34-d4-1,3-4,time.clocks,true,,0
clk-34-d4-2,3-4,time.clocks,true,,0
clk-34-d4-3,3-4,time.clocks,true,,0
clk-34-d4-4,3-4,time.clocks,true,,0
clk-34-d4-5,3-4,time.clocks,false,near_duplicate,0
clk-34-d5-1,3-4,time.clocks,true,,0
clk-34-d5-2,3-4,time.clocks,false,near_duplicate,0
clk-34-d5-3,3-4,time.clocks,true,,0
clk-34-d5-4,3-4,time.clocks,false,near_duplicate,0
clk-34-d5-5,3-4,time.clocks,true,,0
clk-56-d2-1,5-6,time.clocks,true,,0
clk-56-d2-2,5-6,time.clocks,true,,0
clk-56-d2-3,5-6,time.clocks,true,,0
clk-56-d3-1,5-6,time.clocks,true,,0
clk-56-d3-2,5-6,time.clocks,true,,0
clk-56-d3-3,5-6,time.clocks,true,,0
clk-56-d4-1,5-6,time.clocks,true,,0
clk-56-d4-2,5-6,time.clocks,true,,0
clk-56-d4-3,5-6,time.clocks,true,,0
div-56-d2-1,5-6,number.divisibility,true,,0
div-56-d2-2,5-6,number.divisibility,true,,0
div-56-d2-3,5-6,number.divisibility,true,,0
div-56-d3-1,5-6,number.divisibility,true,,0
div-56-d3-2,5-6,number.divisibility,true,,0
div-56-d3-3,5-6,number.divisibility,true,,0
div-56-d4-1,5-6,number.divisibility,true,,0
div-56-d4-2,5-6,number.divisibility,true,,0
div-56-d4-3,5-6,number.divisibility,true,,0
enum-12-d1-1,1-2,combinatorics.enumeration,true,,0
enum-12-d1-2,1-2,combinatorics.enumeration,false,near_duplicate,0
enum-12-d1-3,1-2,combinatorics.enumeration,false,readability;near_duplicate,0
enum-12-d1-4,1-2,combinatorics.enumeration,true,,0
enum-12-d1-5,1-2,combinatorics.enumeration,false,readability,0
enum-12-d2-1,1-2,combinatorics.enumeration,false,near_duplicate,0
enum-12-d2-2,1-2,combinatorics.enumeration,false,readability,0
enum-12-d2-3,1-2,combinatorics.enumeration,false,readability,0
enum-12-d2-4,1-2,combinatorics.enumeration,true,,0
enum-12-d2-5,1-2,combinatorics.enumeration,true,,0
enum-12-d3-1,1-2,combinatorics.enumeration,true,,0
enum-12-d3-2,1-2,combinatorics.enumeration,false,readability;near_duplicate,0
enum-12-d3-3,1-2,combinatorics.enumeration,true,,0
enum-12-d3-4,1-2,combinatorics.enumeration,true,,0
enum-12-d3-5,1-2,combinatorics.enumeration,false,readability,0
enum-12-d4-1,1-2,combinatorics.enumeration,false,readability,0
enum-12-d4-2,1-2,combinatorics.enumeration,true,,0
enum-12-d4-3,1-2,combinatorics.enumeration,false,readability,0
enum-12-d4-4,1-2,combinatorics.enumeration,true,,0
enum-12-d4-5,1-2,combinatorics.enumeration,true,,0
enum-12-d5-1,1-2,combinatorics.enumeration,false,readability;near_duplicate,0
enum-12-d5-2,1-2,combinatorics.enumeration,true,,0
enum-12-d5-3,1-2,combinatorics.enumeration,true,,0
enum-12-d5-4,1-2,combinatorics.enumeration,true,,0
enum-12-d5-5,1-2,combinatorics.enumeration,false,readability;near_duplicate,0
enum-34-d1-1,3-4,combinatorics.enumeration,true,,0
enum-34-d1-2,3-4,combinatorics.enumeration,true,,0
enum-34-d1-3,3-4,combinatorics.enumeration,false,readability,0
enum-34-d1-4,3-4,combinatorics.enumeration,true,,0
enum-34-d1-5,3-4,combinatorics.enumeration,false,readability,0
enum-34-d2-1,3-4,combinatorics.enumeration,true,,0
enum-34-d2-2,3-4,combinatorics.enumeration,false,near_duplicate,0
enum-34-d2-3,3-4,combinatorics.enumeration,true,,0
enum-34-d2-4,3-4,combinatorics.enumeration,true,,0
enum-34-d2-5,3-4,combinatorics.enumeration,true,,0
enum-34-d3-1,3-4,combinatorics.enumeration,false,readability,0
enum-34-d3-2,3-4,combinatorics.enumeration,true,,0
enum-34-d3-3,3-4,combinatorics.enumeration,true,,0
enum-34-d3-4,3-4,combinatorics.enumeration,true,,0
enum-34-d3-5,3-4,combinatorics.enumeration,true,,0
enum-34-d4-1,3-4,combinatorics.enumeration,true,,0
enum-34-d4-2,3-4,combinatorics.enumeration,false,readability,0
enum-34-d4-3,3-4,combinatorics.enumeration,true,,0
enum-34-d4-4,3-4,combinatorics.enumeration,true,,0
enum-34-d4-5,3-4,combinatorics.enumeration,true,,0
enum-34-d5-1,3-4,combinatorics.enumeration,true,,0
enum-34-d5-2,3-4,combinatorics.enumeration,true,,0
enum-34-d5-3,3-4,combinatorics.enumeration,false,near_duplicate,0
enum-34-d5-4,3-4,combinatorics.enumeration,true,,0
enum-34-d5-5,3-4,combinatorics.enumeration,false,readability,0
enum-56-d2-1,5-6,combinatorics.enumeration,true,,0
enum-56-d2-2,5-6,combinatorics.enumeration,true,,0
enum-56-d2-3,5-6,combinatorics.enumeration,true,,0
enum-56-d3-1,5-6,combinatorics.enumeration,true,,0
enum-56-d3-2,5-6,combinatorics.enumeration,true,,0
enum-56-d3-3,5-6,combinatorics.enumeration,true,,0
enum-56-d4-1,5-6,combinatorics.enumeration,true,,0
enum-56-d4-2,5-6,combinatorics.enumeration,true,,0
enum-56-d4-3,5-6,combinatorics.enumeration,true,,0
frac-56-d2-1,5-6,fractions.parts,true,,0
frac-56-d2-2,5-6,fractions.parts,true,,0
frac-56-d2-3,5-6,fractions.parts,true,,0
frac-56-d3-1,5-6,fractions.parts,true,,0
frac-56-d3-2,5-6,fractions.parts,true,,0
frac-56-d3-3,5-6,fractions.parts,true,,0
frac-56-d4-1,5-6,fractions.parts,true,,0
frac-56-d4-2,5-6,fractions.parts,true,,0
frac-56-d4-3,5-6,fractions.parts,true,,0
game-56-d2-1,5-6,games.strategy,true,,0
game-56-d2-2,5-6,games.strategy,true,,0
game-56-d2-3,5-6,games.strategy,true,,0
game-56-d3-1,5-6,games.strategy,true,,0
game-56-d3-2,5-6,games.strategy,true,,0
game-56-d3-3,5-6,games.strategy,true,,0
game-56-d4-1,5-6,games.strategy,true,,0
game-56-d4-2,5-6,games.strategy,true,,0
game-56-d4-3,5-6,games.strategy,true,,0
gaps-12-d1-1,1-2,counting.gaps,true,,0
gaps-12-d1-2,1-2,counting.gaps,true,,0
gaps-12-d1-3,1-2,counting.gaps,true,,0
gaps-12-d1-4,1-2,counting.gaps,true,,0
gaps-12-d1-5,1-2,counting.gaps,true,,0
gaps-12-d2-1,1-2,counting.gaps,true,,0
gaps-12-d2-2,1-2,counting.gaps,false,near_duplicate,0
gaps-12-d2-3,1-2,counting.gaps,true,,0
gaps-12-d2-4,1-2,counting.gaps,false,near_duplicate,0
gaps-12-d2-5,1-2,counting.gaps,false,near_duplicate,0
gaps-12-d3-1,1-2,counting.gaps,true,,0
gaps-12-d3-2,1-2,counting.gaps,false,readability,0
gaps-12-d3-3,1-2,counting.gaps,true,,0
gaps-12-d3-4,1-2,counting.gaps,true,,0
gaps-12-d3-5,1-2,counting.gaps,true,,0
gaps-12-d4-1,1-2,counting.gaps,false,readability,0
gaps-12-d4-2,1-2,counting.gaps,false,near_duplicate,0
gaps-12-d4-3,1-2,counting.gaps,true,,0
gaps-12-d4-4,1-2,counting.gaps,false,readability,0
gaps-12-d4-5,1-2,counting.gaps,true,,0
gaps-12-d5-1,1-2,counting.gaps,false,near_duplicate,0
gaps-12-d5-2,1-2,counting.gaps,true,,0
gaps-12-d5-3,1-2,counting.gaps,true,,0
gaps-12-d5-4,1-2,counting.gaps,true,,0
gaps-12-d5-5,1-2,counting.gaps,true,,0
gaps-34-d1-1,3-4,counting.gaps,true,,0
gaps-34-d1-2,3-4,counting.gaps,true,,0
gaps-34-d1-3,3-4,counting.gaps,true,,0
gaps-34-d1-4,3-4,counting.gaps,true,,0
gaps-34-d1-5,3-4,counting.gaps,true,,0
gaps-34-d2-1,3-4,counting.gaps,true,,0
gaps-34-d2-2,3-4,counting.gaps,true,,0
gaps-34-d2-3,3-4,counting.gaps,true,,0
gaps-34-d2-4,3-4,counting.gaps,true,,0
gaps-34-d2-5,3-4,counting.gaps,true,,0
gaps-34-d3-1,3-4,counting.gaps,false,near_duplicate,0
gaps-34-d3-2,3-4,counting.gaps,true,,0
gaps-34-d3-3,3-4,counting.gaps,true,,0
gaps-34-d3-4,3-4,counting.gaps,true,,0
gaps-34-d3-5,3-4,counting.gaps,false,readability,0
gaps-34-d4-1,3-4,counting.gaps,true,,0
gaps-34-d4-2,3-4,counting.gaps,true,,0
gaps-34-d4-3,3-4,counting.gaps,true,,0
gaps-34-d4-4,3-4,counting.gaps,true,,0
gaps-34-d4-5,3-4,counting.gaps,true,,0
gaps-34-d5-1,3-4,counting.gaps,true,,0
gaps-34-d5-2,3-4,counting.gaps,true,,0
gaps-34-d5-3,3-4,counting.gaps,true,,0
gaps-34-d5-4,3-4,counting.gaps,false,near_duplicate,0
gaps-34-d5-5,3-4,counting.gaps,true,,0
gaps-56-d2-1,5-6,counting.gaps,true,,0
gaps-56-d2-2,5-6,counting.gaps,true,,0
gaps-56-d2-3,5-6,counting.gaps,true,,0
gaps-56-d3-1,5-6,counting.gaps,true,,0
gaps-56-d3-2,5-6,counting.gaps,true,,0
gaps-56-d3-3,5-6,counting.gaps,true,,0
gaps-56-d4-1,5-6,counting.gaps,true,,0
gaps-56-d4-2,5-6,counting.gaps,true,,0
gaps-56-d4-3,5-6,counting.gaps,true,,0
grid-56-d2-1,5-6,geometry.grid,true,,0
grid-56-d2-2,5-6,geometry.grid,true,,0
grid-56-d2-3,5-6,geometry.grid,true,,0
grid-56-d3-1,5-6,geometry.grid,true,,0
grid-56-d3-2,5-6,geometry.grid,true,,0
grid-56-d3-3,5-6,geometry.grid,true,,0
grid-56-d4-1,5-6,geometry.grid,true,,0
grid-56-d4-2,5-6,geometry.grid,true,,0
grid-56-d4-3,5-6,geometry.grid,true,,0
kl-34-d1-1,3-4,logic.knights_liars,true,,0
kl-34-d1-2,3-4,logic.knights_liars,false,near_duplicate,0
kl-34-d1-3,3-4,logic.knights_liars,false,near_duplicate,0
kl-34-d1-4,3-4,logic.knights_liars,false,near_duplicate,0
kl-34-d1-5,3-4,logic.knights_liars,false,near_duplicate,0
kl-34-d2-1,3-4,logic.knights_liars,false,near_duplicate,0
kl-34-d2-2,3-4,logic.knights_liars,false,near_duplicate,0
kl-34-d2-3,3-4,logic.knights_liars,false,near_duplicate,0
kl-34-d2-4,3-4,logic.knights_liars,false,near_duplicate,0
kl-34-d2-5,3-4,logic.knights_liars,false,near_duplicate,0
kl-34-d3-1,3-4,logic.knights_liars,false,near_duplicate,0
kl-34-d3-2,3-4,logic.knights_liars,false,near_duplicate,0
kl-34-d3-3,3-4,logic.knights_liars,false,near_duplicate,0
kl-34-d3-4,3-4,logic.knights_liars,false,near_duplicate,0
kl-34-d3-5,3-4,logic.knights_liars,false,near_duplicate,0
kl-34-d4-1,3-4,logic.knights_liars,false,near_duplicate,0
kl-34-d4-2,3-4,logic.knights_liars,false,near_duplicate,0
kl-34-d4-3,3-4,logic.knights_liars,false,near_duplicate,0
kl-34-d4-4,3-4,logic.knights_liars,false,near_duplicate,0
kl-34-d4-5,3-4,logic.knights_liars,false,near_duplicate,0
kl-34-d5-1,3-4,logic.knights_liars,false,near_duplicate,0
kl-34-d5-2,3-4,logic.knights_liars,true,,0
kl-34-d5-3,3-4,logic.knights_liars,false,near_duplicate,0
kl-34-d5-4,3-4,logic.knights_liars,false,near_duplicate,0
kl-34-d5-5,3-4,logic.knights_liars,false,near_duplicate,0
kl-56-d2-1,5-6,logic.knights_liars,true,,0
kl-56-d2-2,5-6,logic.knights_liars,true,,0
kl-56-d2-3,5-6,logic.knights_liars,true,,0
kl-56-d3-1,5-6,logic.knights_liars,true,,0
kl-56-d3-2,5-6,logic.knights_liars,true,,0
kl-56-d3-3,5-6,logic.knights_liars,true,,0
kl-56-d4-1,5-6,logic.knights_liars,true,,0
kl-56-d4-2,5-6,logic.knights_liars,true,,0
kl-56-d4-3,5-6,logic.knights_liars,true,,0
ord-12-d1-1,1-2,logic.ordering,true,,0
ord-12-d1-2,1-2,logic.ordering,true,,0
ord-12-d1-3,1-2,logic.ordering,true,,0
ord-12-d1-4,1-2,logic.ordering,true,,0
ord-12-d1-5,1-2,logic.ordering,true,,0
ord-12-d2-1,1-2,logic.ordering,true,,0
ord-12-d2-2,1-2,logic.ordering,true,,0
ord-12-d2-3,1-2,logic.ordering,true,,0
ord-12-d2-4,1-2,logic.ordering,true,,0
ord-12-d2-5,1-2,logic.ordering,true,,0
ord-12-d3-1,1-2,logic.ordering,false,near_duplicate,0
ord-12-d3-2,1-2,logic.ordering,true,,0
ord-12-d3-3,1-2,logic.ordering,true,,0
ord-12-d3-4,1-2,logic.ordering,true,,0
ord-12-d3-5,1-2,logic.ordering,true,,0
ord-12-d4-1,1-2,logic.ordering,true,,0
ord-12-d4-2,1-2,logic.ordering,true,,0
ord-12-d4-3,1-2,logic.ordering,false,readability,0
ord-12-d4-4,1-2,logic.ordering,true,,0
ord-12-d4-5,1-2,logic.ordering,true,,0
ord-12-d5-1,1-2,logic.ordering,false,near_duplicate,0
ord-12-d5-2,1-2,logic.ordering,true,,0
ord-12-d5-3,1-2,logic.ordering,true,,0
ord-12-d5-4,1-2,logic.ordering,true,,0
ord-12-d5-5,1-2,logic.ordering,true,,0
ord-34-d1-1,3-4,logic.ordering,true,,0
ord-34-d1-2,3-4,logic.ordering,true,,0
ord-34-d1-3,3-4,logic.ordering,true,,0
ord-34-d1-4,3-4,logic.ordering,true,,0
ord-34-d1-5,3-4,logic.ordering,true,,0
ord-34-d2-1,3-4,logic.ordering,true,,0
ord-34-d2-2,3-4,logic.ordering,true,,0
ord-34-d2-3,3-4,logic.ordering,true,,0
ord-34-d2-4,3-4,logic.ordering,true,,0
ord-34-d2-5,3-4,logic.ordering,true,,0
ord-34-d3-1,3-4,logic.ordering,true,,0
ord-34-d3-2,3-4,logic.ordering,true,,0
ord-34-d3-3,3-4,logic.ordering,true,,0
ord-34-d3-4,3-4,logic.ordering,true,,0
ord-34-d3-5,3-4,logic.ordering,true,,0
ord-34-d4-1,3-4,logic.ordering,true,,0
ord-34-d4-2,3-4,logic.ordering,false,readability,0
ord-34-d4-3,3-4,logic.ordering,true,,0
ord-34-d4-4,3-4,logic.ordering,true,,0
ord-34-d4-5,3-4,logic.ordering,true,,0
ord-34-d5-1,3-4,logic.ordering,true,,0
ord-34-d5-2,3-4,logic.ordering,true,,0
ord-34-d5-3,3-4,logic.ordering,true,,0
ord-34-d5-4,3-4,logic.ordering,false,readability,0
ord-34-d5-5,3-4,logic.ordering,true,,0
ord-56-d2-1,5-6,logic.ordering,true,,0
ord-56-d2-2,5-6,logic.ordering,true,,0
ord-56-d2-3,5-6,logic.ordering,true,,0
ord-56-d3-1,5-6,logic.ordering,true,,0
ord-56-d3-2,5-6,logic.ordering,true,,0
ord-56-d3-3,5-6,logic.ordering,true,,0
ord-56-d4-1,5-6,logic.ordering,true,,0
ord-56-d4-2,5-6,logic.ordering,true,,0
ord-56-d4-3,5-6,logic.ordering,true,,0
par-12-d1-1,1-2,parity.alternation,true,,0
par-12-d1-2,1-2,parity.alternation,false,near_duplicate,0
par-12-d1-3,1-2,parity.alternation,true,,0
par-12-d1-4,1-2,parity.alternation,true,,0
par-12-d1-5,1-2,parity.alternation,true,,0
par-12-d2-1,1-2,parity.alternation,false,near_duplicate,0
par-12-d2-2,1-2,parity.alternation,false,readability,0
par-12-d2-3,1-2,parity.alternation,true,,0
par-12-d2-4,1-2,parity.alternation,false,readability,0
par-12-d2-5,1-2,parity.alternation,true,,0
par-12-d3-1,1-2,parity.alternation,true,,0
par-12-d3-2,1-2,parity.alternation,true,,0
par-12-d3-3,1-2,parity.alternation,false,readability,0
par-12-d3-4,1-2,parity.alternation,true,,0
par-12-d3-5,1-2,parity.alternation,false,readability,0
par-12-d4-1,1-2,parity.alternation,false,near_duplicate,0
par-12-d4-2,1-2,parity.alternation,true,,0
par-12-d4-3,1-2,parity.alternation,false,readability,0
par-12-d4-4,1-2,parity.alternation,true,,0
par-12-d4-5,1-2,parity.alternation,true,,0
par-12-d5-1,1-2,parity.alternation,false,readability,0
par-12-d5-2,1-2,parity.alternation,true,,0
par-12-d5-3,1-2,parity.alternation,false,readability,0
par-12-d5-4,1-2,parity.alternation,false,readability,0
par-12-d5-5,1-2,parity.alternation,false,readability,0
par-34-d1-1,3-4,parity.alternation,true,,0
par-34-d1-2,3-4,parity.alternation,true,,0
par-34-d1-3,3-4,parity.alternation,true,,0
par-34-d1-4,3-4,parity.alternation,true,,0
par-34-d1-5,3-4,parity.alternation,true,,0
par-34-d2-1,3-4,parity.alternation,true,,0
par-34-d2-2,3-4,parity.alternation,true,,0
par-34-d2-3,3-4,parity.alternation,true,,0
par-34-d2-4,3-4,parity.alternation,false,near_duplicate,0
par-34-d2-5,3-4,parity.alternation,false,near_duplicate,0
par-34-d3-1,3-4,parity.alternation,true,,0
par-34-d3-2,3-4,parity.alternation,true,,0
par-34-d3-3,3-4,parity.alternation,true,,0
par-34-d3-4,3-4,parity.alternation,true,,0
par-34-d3-5,3-4,parity.alternation,true,,0
par-34-d4-1,3-4,parity.alternation,true,,0
par-34-d4-2,3-4,parity.alternation,false,near_duplicate,0
par-34-d4-3,3-4,parity.alternation,true,,0
par-34-d4-4,3-4,parity.alternation,true,,0
par-34-d4-5,3-4,parity.alternation,true,,0
par-34-d5-1,3-4,parity.alternation,true,,0
par-34-d5-2,3-4,parity.alternation,true,,0
par-34-d5-3,3-4,parity.alternation,false,near_duplicate,0
par-34-d5-4,3-4,parity.alternation,true,,0
par-34-d5-5,3-4,parity.alternation,true,,0
par-56-d2-1,5-6,parity.alternation,true,,0
par-56-d2-2,5-6,parity.alternation,true,,0
par-56-d2-3,5-6,parity.alternation,true,,0
par-56-d3-1,5-6,parity.alternation,true,,0
par-56-d3-2,5-6,parity.alternation,true,,0
par-56-d3-3,5-6,parity.alternation,true,,0
par-56-d4-1,5-6,parity.alternation,true,,0
par-56-d4-2,5-6,parity.alternation,true,,0
par-56-d4-3,5-6,parity.alternation,true,,0
pct-56-d2-1,5-6,percent.basic,true,,0
pct-56-d2-2,5-6,percent.basic,true,,0
pct-56-d2-3,5-6,percent.basic,true,,0
pct-56-d3-1,5-6,percent.basic,true,,0
pct-56-d3-2,5-6,percent.basic,true,,0
pct-56-d3-3,5-6,percent.basic,true,,0
pct-56-d4-1,5-6,percent.basic,true,,0
pct-56-d4-2,5-6,percent.basic,true,,0
pct-56-d4-3,5-6,percent.basic,true,,0
pig-12-d1-1,1-2,pigeonhole.basic,false,near_duplicate,0
pig-12-d1-2,1-2,pigeonhole.basic,true,,0
pig-12-d1-3,1-2,pigeonhole.basic,true,,0
pig-12-d1-4,1-2,pigeonhole.basic,false,readability;near_duplicate,0
pig-12-d1-5,1-2,pigeonhole.basic,false,readability,0
pig-12-d2-1,1-2,pigeonhole.basic,false,readability;near_duplicate,0
pig-12-d2-2,1-2,pigeonhole.basic,false,near_duplicate,0
pig-12-d2-3,1-2,pigeonhole.basic,true,,0
pig-12-d2-4,1-2,pigeonhole.basic,false,readability;near_duplicate,0
pig-12-d2-5,1-2,pigeonhole.basic,false,near_duplicate,0
pig-12-d3-1,1-2,pigeonhole.basic,false,near_duplicate,0
pig-12-d3-2,1-2,pigeonhole.basic,false,near_duplicate,0
pig-12-d3-3,1-2,pigeonhole.basic,true,,0
pig-12-d3-4,1-2,pigeonhole.basic,false,readability;near_duplicate,0
pig-12-d3-5,1-2,pigeonhole.basic,false,readability,0
pig-12-d4-1,1-2,pigeonhole.basic,false,near_duplicate,0
pig-12-d4-2,1-2,pigeonhole.basic,false,readability;near_duplicate,0
pig-12-d4-3,1-2,pigeonhole.basic,false,readability;near_duplicate,0
pig-12-d4-4,1-2,pigeonhole.basic,false,readability,0
pig-12-d4-5,1-2,pigeonhole.basic,false,readability,0
pig-12-d5-1,1-2,pigeonhole.basic,false,near_duplicate,0
pig-12-d5-2,1-2,pigeonhole.basic,false,readability,0
pig-12-d5-3,1-2,pigeonhole.basic,false,readability,0
pig-12-d5-4,1-2,pigeonhole.basic,false,readability;near_duplicate,0
pig-12-d5-5,1-2,pigeonhole.basic,true,,0
pig-34-d1-1,3-4,pigeonhole.basic,true,,0
pig-34-d1-2,3-4,pigeonhole.basic,true,,0
pig-34-d1-3,3-4,pigeonhole.basic,false,near_duplicate,0
pig-34-d1-4,3-4,pigeonhole.basic,false,near_duplicate,0
pig-34-d1-5,3-4,pigeonhole.basic,true,,0
pig-34-d2-1,3-4,pigeonhole.basic,false,near_duplicate,0
pig-34-d2-2,3-4,pigeonhole.basic,true,,0
pig-34-d2-3,3-4,pigeonhole.basic,true,,0
pig-34-d2-4,3-4,pigeonhole.basic,true,,0
pig-34-d2-5,3-4,pigeonhole.basic,true,,0
pig-34-d3-1,3-4,pigeonhole.basic,false,near_duplicate,0
pig-34-d3-2,3-4,pigeonhole.basic,false,near_duplicate,0
pig-34-d3-3,3-4,pigeonhole.basic,true,,0
pig-34-d3-4,3-4,pigeonhole.basic,true,,0
pig-34-d3-5,3-4,pigeonhole.basic,false,near_duplicate,0
pig-34-d4-1,3-4,pigeonhole.basic,false,near_duplicate,0
pig-34-d4-2,3-4,pigeonhole.basic,true,,0
pig-34-d4-3,3-4,pigeonhole.basic,true,,0
pig-34-d4-4,3-4,pigeonhole.basic,true,,0
pig-34-d4-5,3-4,pigeonhole.basic,true,,0
pig-34-d5-1,3-4,pigeonhole.basic,false,near_duplicate,0
pig-34-d5-2,3-4,pigeonhole.basic,true,,0
pig-34-d5-3,3-4,pigeonhole.basic,false,readability,0
pig-34-d5-4,3-4,pigeonhole.basic,true,,0
pig-34-d5-5,3-4,pigeonhole.basic,true,,0
pig-56-d2-1,5-6,pigeonhole.basic,true,,0
pig-56-d2-2,5-6,pigeonhole.basic,true,,0
pig-56-d2-3,5-6,pigeonhole.basic,true,,0
pig-56-d3-1,5-6,pigeonhole.basic,true,,0
pig-56-d3-2,5-6,pigeonhole.basic,true,,0
pig-56-d3-3,5-6,pigeonhole.basic,true,,0
pig-56-d4-1,5-6,pigeonhole.basic,true,,0
pig-56-d4-2,5-6,pigeonhole.basic,true,,0
pig-56-d4-3,5-6,pigeonhole.basic,true,,0
ratio-56-d2-1,5-6,ratio.sharing,true,,0
ratio-56-d2-2,5-6,ratio.sharing,true,,0
ratio-56-d2-3,5-6,ratio.sharing,true,,0
ratio-56-d3-1,5-6,ratio.sharing,true,,0
ratio-56-d3-2,5-6,ratio.sharing,true,,0
ratio-56-d3-3,5-6,ratio.sharing,true,,0
ratio-56-d4-1,5-6,ratio.sharing,true,,0
ratio-56-d4-2,5-6,ratio.sharing,true,,0
ratio-56-d4-3,5-6,ratio.sharing,true,,0
sets-56-d2-1,5-6,logic.sets,true,,0
sets-56-d2-2,5-6,logic.sets,true,,0
sets-56-d2-3,5-6,logic.sets,true,,0
sets-56-d3-1,5-6,logic.sets,true,,0
sets-56-d3-2,5-6,logic.sets,true,,0
sets-56-d3-3,5-6,logic.sets,true,,0
sets-56-d4-1,5-6,logic.sets,true,,0
sets-56-d4-2,5-6,logic.sets,true,,0
sets-56-d4-3,5-6,logic.sets,true,,0
tri-12-d1-1,1-2,arithmetic.tricks,false,near_duplicate,0
tri-12-d1-2,1-2,arithmetic.tricks,true,,0
tri-12-d1-3,1-2,arithmetic.tricks,true,,0
tri-12-d1-4,1-2,arithmetic.tricks,false,near_duplicate,0
tri-12-d1-5,1-2,arithmetic.tricks,true,,0
tri-12-d2-1,1-2,arithmetic.tricks,true,,0
tri-12-d2-2,1-2,arithmetic.tricks,true,,0
tri-12-d2-3,1-2,arithmetic.tricks,false,readability;near_duplicate,0
tri-12-d2-4,1-2,arithmetic.tricks,false,readability;near_duplicate,0
tri-12-d2-5,1-2,arithmetic.tricks,false,near_duplicate,0
tri-12-d3-1,1-2,arithmetic.tricks,true,,0
tri-12-d3-2,1-2,arithmetic.tricks,false,near_duplicate,0
tri-12-d3-3,1-2,arithmetic.tricks,true,,0
tri-12-d3-4,1-2,arithmetic.tricks,true,,0
tri-12-d3-5,1-2,arithmetic.tricks,true,,0
tri-12-d4-1,1-2,arithmetic.tricks,true,,0
tri-12-d4-2,1-2,arithmetic.tricks,false,readability;near_duplicate,0
tri-12-d4-3,1-2,arithmetic.tricks,false,near_duplicate,0
tri-12-d4-4,1-2,arithmetic.tricks,false,near_duplicate,0
tri-12-d4-5,1-2,arithmetic.tricks,false,readability;near_duplicate,0
tri-12-d5-1,1-2,arithmetic.tricks,false,readability,0
tri-12-d5-2,1-2,arithmetic.tricks,true,,0
tri-12-d5-3,1-2,arithmetic.tricks,true,,0
tri-12-d5-4,1-2,arithmetic.tricks,true,,0
tri-12-d5-5,1-2,arithmetic.tricks,true,,0
tri-34-d1-1,3-4,arithmetic.tricks,false,near_duplicate,0
tri-34-d1-2,3-4,arithmetic.tricks,true,,0
tri-34-d1-3,3-4,arithmetic.tricks,true,,0
tri-34-d1-4,3-4,arithmetic.tricks,false,near_duplicate,0
tri-34-d1-5,3-4,arithmetic.tricks,true,,0
tri-34-d2-1,3-4,arithmetic.tricks,true,,0
tri-34-d2-2,3-4,arithmetic.tricks,true,,0
tri-34-d2-3,3-4,arithmetic.tricks,false,near_duplicate,0
tri-34-d2-4,3-4,arithmetic.tricks,true,,0
tri-34-d2-5,3-4,arithmetic.tricks,true,,0
tri-34-d3-1,3-4,arithmetic.tricks,true,,0
tri-34-d3-2,3-4,arithmetic.tricks,false,near_duplicate,0
tri-34-d3-3,3-4,arithmetic.tricks,false,near_duplicate,0
tri-34-d3-4,3-4,arithmetic.tricks,true,,0
tri-34-d3-5,3-4,arithmetic.tricks,false,near_duplicate,0
tri-34-d4-1,3-4,arithmetic.tricks,true,,0
tri-34-d4-2,3-4,arithmetic.tricks,true,,0
tri-34-d4-3,3-4,arithmetic.tricks,true,,0
tri-34-d4-4,3-4,arithmetic.tricks,false,near_duplicate,0
tri-34-d4-5,3-4,arithmetic.tricks,true,,0
tri-34-d5-1,3-4,arithmetic.tricks,true,,0
tri-34-d5-2,3-4,arithmetic.tricks,true,,0
tri-34-d5-3,3-4,arithmetic.tricks,true,,0
tri-34-d5-4,3-4,arithmetic.tricks,true,,0
tri-34-d5-5,3-4,arithmetic.tricks,false,near_duplicate,0
tri-56-d2-1,5-6,arithmetic.tricks,true,,0
tri-56-d2-2,5-6,arithmetic.tricks,true,,0
tri-56-d2-3,5-6,arithmetic.tricks,true,,0
tri-56-d3-1,5-6,arithmetic.tricks,true,,0
tri-56-d3-2,5-6,arithmetic.tricks,true,,0
tri-56-d3-3,5-6,arithmetic.tricks,true,,0
tri-56-d4-1,5-6,arithmetic.tricks,true,,0
tri-56-d4-2,5-6,arithmetic.tricks,true,,0
tri-56-d4-3,5-6,arithmetic.tricks,true,,0
wp-34-d1-1,3-4,algorithms.weighing_pouring,false,readability;near_duplicate,0
wp-34-d1-2,3-4,algorithms.weighing_pouring,false,near_duplicate,0
wp-34-d1-3,3-4,algorithms.weighing_pouring,false,near_duplicate,0
wp-34-d1-4,3-4,algorithms.weighing_pouring,true,,0
wp-34-d1-5,3-4,algorithms.weighing_pouring,true,,0
wp-34-d2-1,3-4,algorithms.weighing_pouring,false,readability;near_duplicate,0
wp-34-d2-2,3-4,algorithms.weighing_pouring,false,near_duplicate,0
wp-34-d2-3,3-4,algorithms.weighing_pouring,false,near_duplicate,0
wp-34-d2-4,3-4,algorithms.weighing_pouring,false,near_duplicate,0
wp-34-d2-5,3-4,algorithms.weighing_pouring,false,readability;near_duplicate,0
wp-34-d3-1,3-4,algorithms.weighing_pouring,false,near_duplicate,0
wp-34-d3-2,3-4,algorithms.weighing_pouring,false,near_duplicate,0
wp-34-d3-3,3-4,algorithms.weighing_pouring,true,,0
wp-34-d3-4,3-4,algorithms.weighing_pouring,false,readability;near_duplicate,0
wp-34-d3-5,3-4,algorithms.weighing_pouring,false,readability;near_duplicate,0
wp-34-d4-1,3-4,algorithms.weighing_pouring,false,near_duplicate,0
wp-34-d4-2,3-4,algorithms.weighing_pouring,false,readability;near_duplicate,0
wp-34-d4-3,3-4,algorithms.weighing_pouring,false,readability;near_duplicate,0
wp-34-d4-4,3-4,algorithms.weighing_pouring,false,readability;near_duplicate,0
wp-34-d4-5,3-4,algorithms.weighing_pouring,false,readability,0
wp-34-d5-1,3-4,algorithms.weighing_pouring,false,readability;near_duplicate,0
wp-34-d5-2,3-4,algorithms.weighing_pouring,false,readability;near_duplicate,0
wp-34-d5-3,3-4,algorithms.weighing_pouring,false,readability;near_duplicate,0
wp-34-d5-4,3-4,algorithms.weighing_pouring,false,near_duplicate,0
wp-34-d5-5,3-4,algorithms.weighing_pouring,false,readability,0
wp-56-d2-1,5-6,algorithms.weighing_pouring,true,,0
wp-56-d2-2,5-6,algorithms.weighing_pouring,true,,0
wp-56-d2-3,5-6,algorithms.weighing_pouring,true,,0
wp-56-d3-1,5-6,algorithms.weighing_pouring,true,,0
wp-56-d3-2,5-6,algorithms.weighing_pouring,true,,0
wp-56-d3-3,5-6,algorithms.weighing_pouring,true,,0
wp-56-d4-1,5-6,algorithms.weighing_pouring,true,,0
wp-56-d4-2,5-6,algorithms.weighing_pouring,true,,0
wp-56-d4-3,5-6,algorithms.weighing_pouring,true,,0
